/*
SQLyog 企业版 - MySQL GUI v8.14 
MySQL - 5.5.5-10.3.10-MariaDB : Database - raise_funds_db
*********************************************************************
*/

/*!40101 SET NAMES utf8 */;

/*!40101 SET SQL_MODE=''*/;

/*!40014 SET @OLD_UNIQUE_CHECKS=@@UNIQUE_CHECKS, UNIQUE_CHECKS=0 */;
/*!40014 SET @OLD_FOREIGN_KEY_CHECKS=@@FOREIGN_KEY_CHECKS, FOREIGN_KEY_CHECKS=0 */;
/*!40101 SET @OLD_SQL_MODE=@@SQL_MODE, SQL_MODE='NO_AUTO_VALUE_ON_ZERO' */;
/*!40111 SET @OLD_SQL_NOTES=@@SQL_NOTES, SQL_NOTES=0 */;
CREATE DATABASE /*!32312 IF NOT EXISTS*/`raise_funds_db` /*!40100 DEFAULT CHARACTER SET utf8mb4 */;

USE `raise_funds_db`;

/*Table structure for table `sys_approval_ticket` */

DROP TABLE IF EXISTS `sys_approval_ticket`;

CREATE TABLE `sys_approval_ticket` (
  `id` int(11) NOT NULL AUTO_INCREMENT,
  `funds_desc_id` int(11) DEFAULT NULL,
  `approval_status` int(11) DEFAULT NULL,
  `create_date` datetime NOT NULL,
  `update_date` datetime NOT NULL,
  `OWNER` int(11) DEFAULT NULL,
  PRIMARY KEY (`id`)
) ENGINE=InnoDB DEFAULT CHARSET=utf8;

/*Data for the table `sys_approval_ticket` */

/*Table structure for table `sys_content` */

DROP TABLE IF EXISTS `sys_content`;

CREATE TABLE `sys_content` (
  `id` varchar(50) COLLATE utf8_bin NOT NULL COMMENT '主键',
  `title` varchar(255) COLLATE utf8_bin DEFAULT NULL COMMENT '标题',
  `content` longtext COLLATE utf8_bin DEFAULT NULL COMMENT '内容',
  `create_time` datetime DEFAULT NULL COMMENT '创建时间',
  PRIMARY KEY (`id`) USING BTREE
) ENGINE=InnoDB DEFAULT CHARSET=utf8 COLLATE=utf8_bin ROW_FORMAT=COMPACT COMMENT='文章管理';

/*Data for the table `sys_content` */

insert  into `sys_content`(`id`,`title`,`content`,`create_time`) values ('1265451035091066882','java开源后台管理项目','<p><b>java开源后台管理项目</b></p><p><b>介绍</b></p><article class=\"markdown-body mt-4\"><p>基于SpringBoot + Thymeleaf + Layui + Apache Shiro + Redis + Mybatis Plus 的后台管理系统<br>提供代码生成器，基本增删改查无需编写，可快速完成开发任务。<br>后台接口RESTful 风格，支持前后端分离，可与app公用一套接口。<br></p><p>开发最精简，可当脚手架，适合你来diy</p><p><b>特征</b></p><p></p><ul><li>后台接口RESTful 风格，支持前后端分离，可与app公用一套接口</li><li>采用RBAC的权限控制</li><li>统一响应结果封装及生成工具</li><li>统一异常处理</li><li>Shiro + Redis 实现 Token 角色权限认证</li><li>使用Druid Spring Boot Starter 集成Druid数据库连接池与监控</li><li>集成MyBatis-Plus，实现单表业务零SQL</li><li>支持多数据源，自由切换，只需方法或类上用 @DS 切换数据源</li><li>集成国人风格的knife4j，自动生成接口文档</li></ul><p></p><p></p><p><ul><li>提供代码生成器，生成从Html到Mapper，爽歪歪</li></ul></p><ul><li><b>代码仓库</b></li></ul><p></p><p></p><p>Gitee地址：<a href=\"https://gitee.com/zwens/springboot-manager\" target=\"_blank\">https://gitee.com/zwens/springboot-manager</a><br></p><p>GitHub地址：<a href=\"https://github.com/aitangbao/springboot-manager\" target=\"_blank\">https://github.com/aitangbao/springboot-manager</a></p><p><b>项目演示</b></p><p></p><ul><li>演示地址：<a href=\"http://manager.aitangbao.com.cn/login\" target=\"_blank\">http://manager.aitangbao.com.cn</a></li><li>账号密码：guest/123456</li></ul><p></p><p><ul><li>带宽1m 不太给力 请见谅&nbsp;</li></ul></p><ul><li><b>技术</b></li></ul><p></p><ul><li>核心框架：spring boot 2.1.6</li><li>持久层框架：mybatis plus</li><li>数据库连接池：alibaba druid</li><li>安全框架：apache shiro</li><li>缓存框架：redis</li><li>日志框架：logback</li><li>接口文档：Knife4j</li></ul><p></p><p><ul><li>前端模板：thymeleaf+layui2x</li></ul></p><ul><li><b>开发建议</b></li></ul><p></p><ul><li>Model内成员变量建议与表字段数量对应，如需扩展成员变量（比如连表查询）建议创建VO，否则需在扩展的成员变量上加@TableField(exist = false)</li><li>如果表有是否删除字段，需要在Model注解@TableLogic 默认1未删 0删除， 或@TableLogic(value=\"逻辑未删除值\",delval=\"逻辑删除值\")</li></ul><p></p><p><ul><li>建议业务失败直接使用throw new BusinessException(\"ErrorMessage\")抛出，由统一异常处理器来封装业务失败的响应结果，会直接被封装为{\"code\":500002,\"message\":\"ErrorMessage\"}返回，尽情抛出；</li></ul></p><ul><li><b>使用说明</b></li></ul><p></p><ul><li>使用IDE导入本项目，IDE需要安装lombok插件</li><li>下载redis 启动redis</li><li>创建company_project数据库，导入doc下的company_project.sql</li><li>运行项目<ol><li>直接运行CompanyProjectApplication.java</li><li>项目根目录下执行mvn -X clean package -Dmaven.test.skip=true编译打包，然后执行java -jar manager.jar</li></ol></li><li>接口文档访问&nbsp;<a href=\"http://localhost:8080/doc.html\" target=\"_blank\">http://localhost:8080/doc.html</a></li><li>登录地址&nbsp;<a href=\"http://localhost:8080/index/login\" target=\"_blank\">http://localhost:8080/index/login</a>&nbsp;用户名密码:admin/123456</li><li>代码生成使用：<ol><li>点击[代码生成]菜单，生成一个或多个表的代码，下载到本地</li><li>解压下载的代码，直接复制main文件夹到本地项目的src目录下</li><li>数据库执行sql，生成菜单</li></ol><p></p><p><ol><li>点击[角色管理]菜单，修改角色所绑定的菜单的权限，刷新页面查看</li></ol></p><ol><li><b>参与贡献</b></li></ol><p></p></li></ul><ol><li>Fork 本项目</li><li>新建 feature_xxx 分支</li><li>提交代码</li></ol><p></p><p><ol><li>提交 Pull Request</li></ol></p><ol><li><b>效果图</b></li></ol><p></p><p><a href=\"http://tuchuang.aitangbao.com.cn/20200507134721.png\" data-fancybox=\"images\" data-caption=\"image-20200507134713461\"><img src=\"http://tuchuang.aitangbao.com.cn/20200507134721.png\" alt=\"image-20200507134713461\"></a></p><p class=\"text-center text-muted pt-3\" style=\"text-align: center;\"><a href=\"http://tuchuang.aitangbao.com.cn/20200507134721.png\" data-fancybox=\"images\" data-caption=\"image-20200507134713461\">image-20200507134713461</a></p><p></p><p><a href=\"http://tuchuang.aitangbao.com.cn/20200429161348.png\" data-fancybox=\"images\" data-caption=\"2\"><img src=\"http://tuchuang.aitangbao.com.cn/20200429161348.png\" alt=\"2\"></a></p><p class=\"text-center text-muted pt-3\" style=\"text-align: center;\"><a href=\"http://tuchuang.aitangbao.com.cn/20200429161348.png\" data-fancybox=\"images\" data-caption=\"2\">2</a></p><p></p><p><a href=\"http://tuchuang.aitangbao.com.cn/20200429161353.png\" data-fancybox=\"images\" data-caption=\"3\"><img src=\"http://tuchuang.aitangbao.com.cn/20200429161353.png\" alt=\"3\"></a></p><p class=\"text-center text-muted pt-3\" style=\"text-align: center;\"><a href=\"http://tuchuang.aitangbao.com.cn/20200429161353.png\" data-fancybox=\"images\" data-caption=\"3\">3</a></p><p></p><p><a href=\"http://tuchuang.aitangbao.com.cn/20200429161355.png\" data-fancybox=\"images\" data-caption=\"4\"><img src=\"http://tuchuang.aitangbao.com.cn/20200429161355.png\" alt=\"4\"></a></p><p class=\"text-center text-muted pt-3\" style=\"text-align: center;\"><a href=\"http://tuchuang.aitangbao.com.cn/20200429161355.png\" data-fancybox=\"images\" data-caption=\"4\">4</a></p><p></p><p><a href=\"http://tuchuang.aitangbao.com.cn/20200429161404.png\" data-fancybox=\"images\" data-caption=\"5\"><img src=\"http://tuchuang.aitangbao.com.cn/20200429161404.png\" alt=\"5\"></a></p><p class=\"text-center text-muted pt-3\" style=\"text-align: center;\"><a href=\"http://tuchuang.aitangbao.com.cn/20200429161404.png\" data-fancybox=\"images\" data-caption=\"5\">5</a></p><p></p><p><a href=\"http://tuchuang.aitangbao.com.cn/20200429161359.png\" data-fancybox=\"images\" data-caption=\"7\"><img src=\"http://tuchuang.aitangbao.com.cn/20200429161359.png\" alt=\"7\"></a></p><p class=\"text-center text-muted pt-3\" style=\"text-align: center;\"><a href=\"http://tuchuang.aitangbao.com.cn/20200429161359.png\" data-fancybox=\"images\" data-caption=\"7\">7</a></p><p></p><p><a href=\"http://tuchuang.aitangbao.com.cn/20200430172453.png\" data-fancybox=\"images\" data-caption=\"image-20200430172452726\"><img src=\"http://tuchuang.aitangbao.com.cn/20200430172453.png\" alt=\"image-20200430172452726\"></a></p><p class=\"text-center text-muted pt-3\" style=\"text-align: center;\"><a href=\"http://tuchuang.aitangbao.com.cn/20200430172453.png\" data-fancybox=\"images\" data-caption=\"image-20200430172452726\">image-20200430172452726</a></p><p></p><p><a href=\"http://tuchuang.aitangbao.com.cn/20200429161414.png\" data-fancybox=\"images\" data-caption=\"9\"><img src=\"http://tuchuang.aitangbao.com.cn/20200429161414.png\" alt=\"9\"></a></p><p class=\"text-center text-muted pt-3\" style=\"text-align: center;\"><a href=\"http://tuchuang.aitangbao.com.cn/20200429161414.png\" data-fancybox=\"images\" data-caption=\"9\">9</a></p><p></p><p><a href=\"http://tuchuang.aitangbao.com.cn/20200429161423.png\" data-fancybox=\"images\" data-caption=\"12\"><img src=\"http://tuchuang.aitangbao.com.cn/20200429161423.png\" alt=\"12\"></a></p><p class=\"text-center text-muted pt-3\" style=\"text-align: center;\"><a href=\"http://tuchuang.aitangbao.com.cn/20200429161423.png\" data-fancybox=\"images\" data-caption=\"12\">12</a></p><p></p><p><a href=\"http://tuchuang.aitangbao.com.cn/20200429161425.png\" data-fancybox=\"images\" data-caption=\"13\"><img src=\"http://tuchuang.aitangbao.com.cn/20200429161425.png\" alt=\"13\"></a></p><p class=\"text-center text-muted pt-3\" style=\"text-align: center;\"><a href=\"http://tuchuang.aitangbao.com.cn/20200429161425.png\" data-fancybox=\"images\" data-caption=\"13\">13</a></p><p></p><p><a href=\"http://tuchuang.aitangbao.com.cn/20200429161428.png\" data-fancybox=\"images\" data-caption=\"16\"><img src=\"http://tuchuang.aitangbao.com.cn/20200429161428.png\" alt=\"16\"></a></p></article>','2020-04-22 16:58:35');

/*Table structure for table `sys_dept` */

DROP TABLE IF EXISTS `sys_dept`;

CREATE TABLE `sys_dept` (
  `id` varchar(64) NOT NULL COMMENT '主键',
  `dept_no` varchar(18) DEFAULT NULL COMMENT '部门编号(规则：父级关系编码+自己的编码)',
  `name` varchar(300) DEFAULT NULL COMMENT '部门名称',
  `pid` varchar(64) NOT NULL COMMENT '父级id',
  `status` tinyint(4) DEFAULT 1 COMMENT '状态(1:正常；0:弃用)',
  `relation_code` varchar(3000) DEFAULT NULL COMMENT '为了维护更深层级关系',
  `dept_manager_id` varchar(64) DEFAULT NULL COMMENT '部门经理user_id',
  `manager_name` varchar(255) DEFAULT NULL COMMENT '部门经理名称',
  `phone` varchar(20) DEFAULT NULL COMMENT '部门经理联系电话',
  `create_time` datetime DEFAULT NULL COMMENT '创建时间',
  `update_time` datetime DEFAULT NULL COMMENT '更新时间',
  `deleted` tinyint(4) DEFAULT 1 COMMENT '是否删除(1未删除；0已删除)',
  PRIMARY KEY (`id`)
) ENGINE=InnoDB DEFAULT CHARSET=utf8 COMMENT='系统部门';

/*Data for the table `sys_dept` */

insert  into `sys_dept`(`id`,`dept_no`,`name`,`pid`,`status`,`relation_code`,`dept_manager_id`,`manager_name`,`phone`,`create_time`,`update_time`,`deleted`) values ('4bd0b0a3-097d-4902-a1f7-641ea3b771bd','D000002','部门1','72a4f388-50f8-4019-8c67-530cd7c74e7a',1,'D000001D000002',NULL,'张杨','13899999999','2019-11-05 12:24:50','2019-11-09 21:22:55',1),('72a4f388-50f8-4019-8c67-530cd7c74e7a','D000001','总公司','0',1,'D000001',NULL,'小李','13888888888','2019-11-07 22:43:33',NULL,1);

/*Table structure for table `sys_dict` */

DROP TABLE IF EXISTS `sys_dict`;

CREATE TABLE `sys_dict` (
  `id` varchar(64) NOT NULL,
  `name` varchar(100) NOT NULL COMMENT '字典名称',
  `remark` varchar(255) DEFAULT NULL COMMENT '描述',
  `create_time` datetime DEFAULT NULL COMMENT '创建时间',
  PRIMARY KEY (`id`) USING BTREE
) ENGINE=InnoDB DEFAULT CHARSET=utf8 ROW_FORMAT=COMPACT COMMENT='数据字典表';

/*Data for the table `sys_dict` */

insert  into `sys_dict`(`id`,`name`,`remark`,`create_time`) values ('1255790029680242690','sex','性别','2020-04-30 17:24:09');

/*Table structure for table `sys_dict_detail` */

DROP TABLE IF EXISTS `sys_dict_detail`;

CREATE TABLE `sys_dict_detail` (
  `id` varchar(50) NOT NULL,
  `label` varchar(255) NOT NULL COMMENT '字典标签',
  `value` varchar(255) NOT NULL COMMENT '字典值',
  `sort` smallint(6) DEFAULT NULL COMMENT '排序',
  `dict_id` varchar(50) DEFAULT NULL COMMENT '字典id',
  `create_time` datetime DEFAULT NULL COMMENT '创建日期',
  PRIMARY KEY (`id`) USING BTREE
) ENGINE=InnoDB DEFAULT CHARSET=utf8 ROW_FORMAT=COMPACT COMMENT='数据字典详情';

/*Data for the table `sys_dict_detail` */

insert  into `sys_dict_detail`(`id`,`label`,`value`,`sort`,`dict_id`,`create_time`) values ('1255790073535885314','男','1',1,'1255790029680242690','2020-04-30 17:24:19'),('1255790100115189761','女','2',2,'1255790029680242690','2020-04-30 17:24:25');

/*Table structure for table `sys_generator` */

DROP TABLE IF EXISTS `sys_generator`;

CREATE TABLE `sys_generator` (
  `id` varchar(64) COLLATE utf8_bin NOT NULL COMMENT 'ID',
  `table_name` varchar(255) COLLATE utf8_bin DEFAULT NULL COMMENT '表名',
  `menu_name` varchar(255) COLLATE utf8_bin DEFAULT NULL COMMENT '菜单名称',
  `pid` varchar(64) COLLATE utf8_bin DEFAULT NULL COMMENT '上级菜单',
  `gen_time` datetime DEFAULT NULL COMMENT '上次生成时间',
  PRIMARY KEY (`id`)
) ENGINE=InnoDB DEFAULT CHARSET=utf8 COLLATE=utf8_bin COMMENT='代码生成';

/*Data for the table `sys_generator` */

insert  into `sys_generator`(`id`,`table_name`,`menu_name`,`pid`,`gen_time`) values ('1','sys_dept','部门管理','0','2020-03-20 13:16:47'),('1273219177620037634','sys_user',NULL,NULL,'2020-06-17 19:41:21'),('2','sys_generator','代码生成','0','2020-03-20 13:16:47'),('3','sys_log','日志管理','0','2020-03-20 13:16:47'),('4','sys_permission','权限管理','0','2020-03-20 13:16:47'),('5','sys_role','角色管理','0','2020-03-20 13:16:47'),('6','sys_role_permission','角色权限管理','0','2020-03-20 13:16:47'),('7','sys_user','用户管理','0','2020-03-20 13:16:47'),('8','sys_user_role','用户角色管理','0','2020-03-20 13:16:47');

/*Table structure for table `sys_job` */

DROP TABLE IF EXISTS `sys_job`;

CREATE TABLE `sys_job` (
  `id` varchar(50) NOT NULL COMMENT '任务id',
  `bean_name` varchar(200) DEFAULT NULL COMMENT 'spring bean名称',
  `params` varchar(2000) DEFAULT NULL COMMENT '参数',
  `cron_expression` varchar(100) DEFAULT NULL COMMENT 'cron表达式',
  `status` tinyint(4) DEFAULT NULL COMMENT '任务状态  0：正常  1：暂停',
  `remark` varchar(255) DEFAULT NULL COMMENT '备注',
  `create_time` datetime DEFAULT NULL COMMENT '创建时间',
  PRIMARY KEY (`id`) USING BTREE
) ENGINE=InnoDB DEFAULT CHARSET=utf8 ROW_FORMAT=COMPACT COMMENT='定时任务';

/*Data for the table `sys_job` */

insert  into `sys_job`(`id`,`bean_name`,`params`,`cron_expression`,`status`,`remark`,`create_time`) values ('1252884495040782337','testTask','1','0 */1 * * * ?',0,'1','2020-04-22 16:58:35');

/*Table structure for table `sys_job_log` */

DROP TABLE IF EXISTS `sys_job_log`;

CREATE TABLE `sys_job_log` (
  `id` varchar(50) NOT NULL COMMENT '任务日志id',
  `job_id` varchar(50) NOT NULL COMMENT '任务id',
  `bean_name` varchar(200) DEFAULT NULL COMMENT 'spring bean名称',
  `params` varchar(2000) DEFAULT NULL COMMENT '参数',
  `status` tinyint(4) NOT NULL COMMENT '任务状态    0：成功    1：失败',
  `error` varchar(2000) DEFAULT NULL COMMENT '失败信息',
  `times` int(11) NOT NULL COMMENT '耗时(单位：毫秒)',
  `create_time` datetime DEFAULT NULL COMMENT '创建时间',
  PRIMARY KEY (`id`) USING BTREE,
  KEY `job_id` (`job_id`) USING BTREE
) ENGINE=InnoDB DEFAULT CHARSET=utf8 ROW_FORMAT=COMPACT COMMENT='定时任务日志';

/*Data for the table `sys_job_log` */

insert  into `sys_job_log`(`id`,`job_id`,`bean_name`,`params`,`status`,`error`,`times`,`create_time`) values ('1271731534365261826','1252884495040782337','testTask','1',0,NULL,0,'2020-06-13 17:10:00'),('1271731785692151810','1252884495040782337','testTask','1',0,NULL,0,'2020-06-13 17:11:00'),('1271732037421694978','1252884495040782337','testTask','1',0,NULL,2,'2020-06-13 17:12:00'),('1271732289008631809','1252884495040782337','testTask','1',0,NULL,1,'2020-06-13 17:13:00'),('1271732540662677506','1252884495040782337','testTask','1',0,NULL,1,'2020-06-13 17:14:00'),('1271732792379637761','1252884495040782337','testTask','1',0,NULL,0,'2020-06-13 17:15:00'),('1271733043987546113','1252884495040782337','testTask','1',0,NULL,1,'2020-06-13 17:16:00'),('1271733295637397505','1252884495040782337','testTask','1',0,NULL,0,'2020-06-13 17:17:00'),('1271733547299831810','1252884495040782337','testTask','1',0,NULL,1,'2020-06-13 17:18:00'),('1271733798958071809','1252884495040782337','testTask','1',0,NULL,1,'2020-06-13 17:19:00'),('1271734050637283330','1252884495040782337','testTask','1',0,NULL,1,'2020-06-13 17:20:00'),('1271734302270357506','1252884495040782337','testTask','1',0,NULL,1,'2020-06-13 17:21:00'),('1271734553928597505','1252884495040782337','testTask','1',0,NULL,1,'2020-06-13 17:22:00'),('1271734805586837506','1252884495040782337','testTask','1',0,NULL,0,'2020-06-13 17:23:00'),('1271735057249271809','1252884495040782337','testTask','1',0,NULL,1,'2020-06-13 17:24:00'),('1271735308907511810','1252884495040782337','testTask','1',0,NULL,2,'2020-06-13 17:25:00'),('1271735560595111938','1252884495040782337','testTask','1',0,NULL,0,'2020-06-13 17:26:00'),('1271735812244963329','1252884495040782337','testTask','1',0,NULL,0,'2020-06-13 17:27:00'),('1271736063945146370','1252884495040782337','testTask','1',0,NULL,6,'2020-06-13 17:28:00'),('1271736315565637633','1252884495040782337','testTask','1',0,NULL,1,'2020-06-13 17:29:00'),('1271736567278403586','1252884495040782337','testTask','1',0,NULL,1,'2020-06-13 17:30:00'),('1271736818852757506','1252884495040782337','testTask','1',0,NULL,0,'2020-06-13 17:31:00'),('1271737070569717762','1252884495040782337','testTask','1',0,NULL,0,'2020-06-13 17:32:00'),('1271737322173431809','1252884495040782337','testTask','1',0,NULL,1,'2020-06-13 17:33:00'),('1271737573831671810','1252884495040782337','testTask','1',0,NULL,1,'2020-06-13 17:34:00'),('1271737825485717506','1252884495040782337','testTask','1',0,NULL,2,'2020-06-13 17:35:00'),('1271738077148151810','1252884495040782337','testTask','1',0,NULL,2,'2020-06-13 17:36:00'),('1271738328806391809','1252884495040782337','testTask','1',0,NULL,0,'2020-06-13 17:37:00'),('1271738580464631810','1252884495040782337','testTask','1',0,NULL,0,'2020-06-13 17:38:00'),('1271738832148037633','1252884495040782337','testTask','1',0,NULL,0,'2020-06-13 17:39:00'),('1271739083818860545','1252884495040782337','testTask','1',0,NULL,2,'2020-06-13 17:40:00'),('1271739335439351809','1252884495040782337','testTask','1',0,NULL,0,'2020-06-13 17:41:00'),('1271739587202449409','1252884495040782337','testTask','1',0,NULL,1,'2020-06-13 17:42:00'),('1271739838780997633','1252884495040782337','testTask','1',0,NULL,1,'2020-06-13 17:43:00'),('1271740090414071809','1252884495040782337','testTask','1',0,NULL,1,'2020-06-13 17:44:00'),('1271740342286274562','1252884495040782337','testTask','1',0,NULL,1,'2020-06-13 17:45:00'),('1271740593764159489','1252884495040782337','testTask','1',0,NULL,0,'2020-06-13 17:46:00'),('1271740845455953922','1252884495040782337','testTask','1',0,NULL,1,'2020-06-13 17:47:00'),('1271741097047085058','1252884495040782337','testTask','1',0,NULL,0,'2020-06-13 17:48:00'),('1271741348776628225','1252884495040782337','testTask','1',0,NULL,1,'2020-06-13 17:49:00'),('1271741600401313793','1252884495040782337','testTask','1',0,NULL,2,'2020-06-13 17:50:00'),('1271741852088913922','1252884495040782337','testTask','1',0,NULL,1,'2020-06-13 17:51:00'),('1271742103684239361','1252884495040782337','testTask','1',0,NULL,1,'2020-06-13 17:52:00'),('1271742355338285057','1252884495040782337','testTask','1',0,NULL,2,'2020-06-13 17:53:00'),('1271742606996525058','1252884495040782337','testTask','1',0,NULL,0,'2020-06-13 17:54:00'),('1271742858650570754','1252884495040782337','testTask','1',0,NULL,1,'2020-06-13 17:55:00'),('1271743110308810754','1252884495040782337','testTask','1',0,NULL,1,'2020-06-13 17:56:00'),('1271743361967050754','1252884495040782337','testTask','1',0,NULL,2,'2020-06-13 17:57:00'),('1271743613642067970','1252884495040782337','testTask','1',0,NULL,0,'2020-06-13 17:58:00'),('1271743865354833921','1252884495040782337','testTask','1',0,NULL,1,'2020-06-13 17:59:00'),('1271744116941770754','1252884495040782337','testTask','1',0,NULL,2,'2020-06-13 18:00:00'),('1271744368650342401','1252884495040782337','testTask','1',0,NULL,0,'2020-06-13 18:01:00'),('1271744620262445057','1252884495040782337','testTask','1',0,NULL,0,'2020-06-13 18:02:00'),('1271744871920685058','1252884495040782337','testTask','1',0,NULL,1,'2020-06-13 18:03:00'),('1271745123780194306','1252884495040782337','testTask','1',0,NULL,0,'2020-06-13 18:04:00'),('1271745375316799489','1252884495040782337','testTask','1',0,NULL,0,'2020-06-13 18:05:00'),('1271745626975039490','1252884495040782337','testTask','1',0,NULL,1,'2020-06-13 18:06:00'),('1271745878620696578','1252884495040782337','testTask','1',0,NULL,1,'2020-06-13 18:07:00'),('1271746130207633410','1252884495040782337','testTask','1',0,NULL,1,'2020-06-13 18:08:00'),('1271746382046228482','1252884495040782337','testTask','1',0,NULL,2,'2020-06-13 18:09:00'),('1271746633591222274','1252884495040782337','testTask','1',0,NULL,1,'2020-06-13 18:10:00'),('1271746885341736962','1252884495040782337','testTask','1',0,NULL,0,'2020-06-13 18:11:00'),('1271747136857370626','1252884495040782337','testTask','1',0,NULL,1,'2020-06-13 18:12:00'),('1271747388503027713','1252884495040782337','testTask','1',0,NULL,1,'2020-06-13 18:13:00'),('1271747640157073409','1252884495040782337','testTask','1',0,NULL,1,'2020-06-13 18:14:00'),('1271748173307637762','1252884495040782337','testTask','1',0,NULL,2,'2020-06-13 18:16:07'),('1271748406070538241','1252884495040782337','testTask','1',0,NULL,1,'2020-06-13 18:17:02'),('1271751163376627713','1252884495040782337','testTask','1',0,NULL,1,'2020-06-13 18:28:00'),('1271751415034867713','1252884495040782337','testTask','1',0,NULL,1,'2020-06-13 18:29:00'),('1271751667427110914','1252884495040782337','testTask','1',0,NULL,1,'2020-06-13 18:30:00'),('1271751918351347713','1252884495040782337','testTask','1',0,NULL,1,'2020-06-13 18:31:00'),('1271752170009587714','1252884495040782337','testTask','1',0,NULL,1,'2020-06-13 18:32:00'),('1271752421672022018','1252884495040782337','testTask','1',0,NULL,1,'2020-06-13 18:33:00'),('1271752673326067714','1252884495040782337','testTask','1',0,NULL,0,'2020-06-13 18:34:00'),('1271989987067359233','1252884495040782337','testTask','1',0,NULL,0,'2020-06-14 10:17:00'),('1271990238713016321','1252884495040782337','testTask','1',0,NULL,1,'2020-06-14 10:18:00'),('1271990490362867714','1252884495040782337','testTask','1',0,NULL,1,'2020-06-14 10:19:00'),('1271990742016913410','1252884495040782337','testTask','1',0,NULL,1,'2020-06-14 10:20:00'),('1271990993675153409','1252884495040782337','testTask','1',0,NULL,1,'2020-06-14 10:21:00'),('1271991245337587713','1252884495040782337','testTask','1',0,NULL,1,'2020-06-14 10:22:00'),('1271991496995827713','1252884495040782337','testTask','1',0,NULL,1,'2020-06-14 10:23:00'),('1271991748649873410','1252884495040782337','testTask','1',0,NULL,0,'2020-06-14 10:24:00'),('1271992000308113409','1252884495040782337','testTask','1',0,NULL,0,'2020-06-14 10:25:00'),('1271992251970547714','1252884495040782337','testTask','1',0,NULL,0,'2020-06-14 10:26:00'),('1271992503624593410','1252884495040782337','testTask','1',0,NULL,1,'2020-06-14 10:27:00'),('1271992755287027713','1252884495040782337','testTask','1',0,NULL,0,'2020-06-14 10:28:00'),('1271993006945267713','1252884495040782337','testTask','1',0,NULL,1,'2020-06-14 10:29:00'),('1271993258603507713','1252884495040782337','testTask','1',0,NULL,0,'2020-06-14 10:30:00'),('1271993510278524930','1252884495040782337','testTask','1',0,NULL,0,'2020-06-14 10:31:00'),('1271993761915793409','1252884495040782337','testTask','1',0,NULL,0,'2020-06-14 10:32:00'),('1271994013574033410','1252884495040782337','testTask','1',0,NULL,0,'2020-06-14 10:33:00'),('1271994265282605057','1252884495040782337','testTask','1',0,NULL,0,'2020-06-14 10:34:00'),('1271994516894707714','1252884495040782337','testTask','1',0,NULL,0,'2020-06-14 10:35:00'),('1271994768552947713','1252884495040782337','testTask','1',0,NULL,1,'2020-06-14 10:36:00'),('1271995020206993409','1252884495040782337','testTask','1',0,NULL,0,'2020-06-14 10:37:00'),('1271995271865233410','1252884495040782337','testTask','1',0,NULL,0,'2020-06-14 10:38:00'),('1271995523527667713','1252884495040782337','testTask','1',0,NULL,0,'2020-06-14 10:39:00'),('1271995775294959617','1252884495040782337','testTask','1',0,NULL,1,'2020-06-14 10:40:00'),('1271996026844147714','1252884495040782337','testTask','1',0,NULL,1,'2020-06-14 10:41:00'),('1271996278498193409','1252884495040782337','testTask','1',0,NULL,1,'2020-06-14 10:42:00'),('1271996530160627713','1252884495040782337','testTask','1',0,NULL,1,'2020-06-14 10:43:00'),('1271996781814673410','1252884495040782337','testTask','1',0,NULL,0,'2020-06-14 10:44:00'),('1271997033477107714','1252884495040782337','testTask','1',0,NULL,1,'2020-06-14 10:45:00'),('1271997285131153410','1252884495040782337','testTask','1',0,NULL,1,'2020-06-14 10:46:00'),('1271997536789393409','1252884495040782337','testTask','1',0,NULL,1,'2020-06-14 10:47:00'),('1271997788447633409','1252884495040782337','testTask','1',0,NULL,1,'2020-06-14 10:48:00'),('1271998040105873410','1252884495040782337','testTask','1',0,NULL,1,'2020-06-14 10:49:00'),('1271998291835416578','1252884495040782337','testTask','1',0,NULL,1,'2020-06-14 10:50:00'),('1271998543422353410','1252884495040782337','testTask','1',0,NULL,1,'2020-06-14 10:51:00'),('1271998795135119361','1252884495040782337','testTask','1',0,NULL,0,'2020-06-14 10:52:00'),('1271999046776582145','1252884495040782337','testTask','1',0,NULL,0,'2020-06-14 10:53:00'),('1271999298401267713','1252884495040782337','testTask','1',0,NULL,0,'2020-06-14 10:54:00'),('1271999550063702018','1252884495040782337','testTask','1',0,NULL,1,'2020-06-14 10:55:00'),('1271999801713553409','1252884495040782337','testTask','1',0,NULL,1,'2020-06-14 10:56:00'),('1272000053375987713','1252884495040782337','testTask','1',0,NULL,0,'2020-06-14 10:57:00'),('1272000305088753665','1252884495040782337','testTask','1',0,NULL,1,'2020-06-14 10:58:00'),('1272000556692467713','1252884495040782337','testTask','1',0,NULL,1,'2020-06-14 10:59:00'),('1272000808350707713','1252884495040782337','testTask','1',0,NULL,0,'2020-06-14 11:00:00'),('1272001060008947714','1252884495040782337','testTask','1',0,NULL,0,'2020-06-14 11:01:00'),('1272001311667187713','1252884495040782337','testTask','1',0,NULL,0,'2020-06-14 11:02:00'),('1272001563325427714','1252884495040782337','testTask','1',0,NULL,0,'2020-06-14 11:03:00'),('1272001814983667713','1252884495040782337','testTask','1',0,NULL,1,'2020-06-14 11:04:00'),('1272002066683850753','1252884495040782337','testTask','1',0,NULL,1,'2020-06-14 11:05:00'),('1272002318295953410','1252884495040782337','testTask','1',0,NULL,1,'2020-06-14 11:06:00'),('1272002569991942146','1252884495040782337','testTask','1',0,NULL,0,'2020-06-14 11:07:00'),('1272002821612433409','1252884495040782337','testTask','1',0,NULL,0,'2020-06-14 11:08:00'),('1272003073270673409','1252884495040782337','testTask','1',0,NULL,1,'2020-06-14 11:09:00'),('1272003324928913409','1252884495040782337','testTask','1',0,NULL,1,'2020-06-14 11:10:00'),('1272003576599736321','1252884495040782337','testTask','1',0,NULL,1,'2020-06-14 11:11:00'),('1272003828245393409','1252884495040782337','testTask','1',0,NULL,0,'2020-06-14 11:12:00'),('1272004079941382146','1252884495040782337','testTask','1',0,NULL,1,'2020-06-14 11:13:00'),('1272004331599622146','1252884495040782337','testTask','1',0,NULL,0,'2020-06-14 11:14:00'),('1272004583249473537','1252884495040782337','testTask','1',0,NULL,1,'2020-06-14 11:15:00'),('1272004834882547713','1252884495040782337','testTask','1',0,NULL,0,'2020-06-14 11:16:00'),('1272005086544982017','1252884495040782337','testTask','1',0,NULL,1,'2020-06-14 11:17:00'),('1272005338194833410','1252884495040782337','testTask','1',0,NULL,1,'2020-06-14 11:18:00'),('1272005589857267713','1252884495040782337','testTask','1',0,NULL,0,'2020-06-14 11:19:00'),('1272005841515507713','1252884495040782337','testTask','1',0,NULL,0,'2020-06-14 11:20:00'),('1272006093173747713','1252884495040782337','testTask','1',0,NULL,0,'2020-06-14 11:21:00'),('1272006344840376321','1252884495040782337','testTask','1',0,NULL,0,'2020-06-14 11:22:00'),('1272006596494422018','1252884495040782337','testTask','1',0,NULL,0,'2020-06-14 11:23:00'),('1272006848177827841','1252884495040782337','testTask','1',0,NULL,0,'2020-06-14 11:24:00'),('1272007099806707714','1252884495040782337','testTask','1',0,NULL,0,'2020-06-14 11:25:00'),('1272007351464947713','1252884495040782337','testTask','1',0,NULL,0,'2020-06-14 11:26:00'),('1272007603123187714','1252884495040782337','testTask','1',0,NULL,0,'2020-06-14 11:27:00'),('1272007854798204930','1252884495040782337','testTask','1',0,NULL,0,'2020-06-14 11:28:00'),('1272008106435473410','1252884495040782337','testTask','1',0,NULL,1,'2020-06-14 11:29:00'),('1272008358097907714','1252884495040782337','testTask','1',0,NULL,1,'2020-06-14 11:30:00'),('1272008609756147714','1252884495040782337','testTask','1',0,NULL,0,'2020-06-14 11:31:00'),('1272008861443747842','1252884495040782337','testTask','1',0,NULL,1,'2020-06-14 11:32:00'),('1272009113135542273','1252884495040782337','testTask','1',0,NULL,0,'2020-06-14 11:33:00'),('1272009364726673409','1252884495040782337','testTask','1',0,NULL,0,'2020-06-14 11:34:00'),('1272009616418467842','1252884495040782337','testTask','1',0,NULL,1,'2020-06-14 11:35:00'),('1272009868085096449','1252884495040782337','testTask','1',0,NULL,0,'2020-06-14 11:36:00'),('1272010119705587714','1252884495040782337','testTask','1',0,NULL,1,'2020-06-14 11:37:00'),('1272010371363827713','1252884495040782337','testTask','1',0,NULL,0,'2020-06-14 11:38:00'),('1272010623059816450','1252884495040782337','testTask','1',0,NULL,0,'2020-06-14 11:39:00'),('1272010874684502018','1252884495040782337','testTask','1',0,NULL,1,'2020-06-14 11:40:00'),('1272011126334353410','1252884495040782337','testTask','1',0,NULL,0,'2020-06-14 11:41:00'),('1272011378055507970','1252884495040782337','testTask','1',0,NULL,1,'2020-06-14 11:42:00'),('1272011629650833409','1252884495040782337','testTask','1',0,NULL,1,'2020-06-14 11:43:00'),('1272011881309073409','1252884495040782337','testTask','1',0,NULL,1,'2020-06-14 11:44:00'),('1272012132971507714','1252884495040782337','testTask','1',0,NULL,1,'2020-06-14 11:45:00'),('1272012384625553410','1252884495040782337','testTask','1',0,NULL,1,'2020-06-14 11:46:00'),('1272012636338319361','1252884495040782337','testTask','1',0,NULL,1,'2020-06-14 11:47:00'),('1272012887946227714','1252884495040782337','testTask','1',0,NULL,1,'2020-06-14 11:48:00'),('1273127733957816321','1252884495040782337','testTask','1',0,NULL,0,'2020-06-17 13:38:00'),('1273155669209382914','1252884495040782337','testTask','1',0,NULL,0,'2020-06-17 15:29:00'),('1273155919735160833','1252884495040782337','testTask','1',0,NULL,2,'2020-06-17 15:30:00'),('1273156171330486273','1252884495040782337','testTask','1',0,NULL,0,'2020-06-17 15:31:00'),('1273156422988726273','1252884495040782337','testTask','1',0,NULL,0,'2020-06-17 15:32:00'),('1273156674646966273','1252884495040782337','testTask','1',0,NULL,1,'2020-06-17 15:33:00'),('1273156926301011970','1252884495040782337','testTask','1',0,NULL,7,'2020-06-17 15:34:00'),('1273157177963446273','1252884495040782337','testTask','1',0,NULL,2,'2020-06-17 15:35:00'),('1273157429621686273','1252884495040782337','testTask','1',0,NULL,2,'2020-06-17 15:36:00'),('1273157681850384385','1252884495040782337','testTask','1',0,NULL,0,'2020-06-17 15:37:00'),('1273157932934004737','1252884495040782337','testTask','1',0,NULL,0,'2020-06-17 15:38:00'),('1273158531486351362','1252884495040782337','testTask','1',0,NULL,0,'2020-06-17 15:40:22'),('1273158697543041025','1252884495040782337','testTask','1',0,NULL,0,'2020-06-17 15:41:02'),('1273159571166232578','1252884495040782337','testTask','1',0,NULL,1,'2020-06-17 15:56:21'),('1273162732610289666','1252884495040782337','testTask','1',0,NULL,0,'2020-06-17 15:57:01'),('1273164763228045313','1252884495040782337','testTask','1',0,NULL,2,'2020-06-17 16:05:08'),('1273167969295302658','1252884495040782337','testTask','1',0,NULL,2674,'2020-06-17 16:17:50'),('1273167999271993346','1252884495040782337','testTask','1',0,NULL,0,'2020-06-17 16:18:00'),('1273168251005730818','1252884495040782337','testTask','1',0,NULL,1,'2020-06-17 16:19:00'),('1273168502584279042','1252884495040782337','testTask','1',0,NULL,1,'2020-06-17 16:20:00'),('1273168754263490562','1252884495040782337','testTask','1',0,NULL,1,'2020-06-17 16:21:00'),('1273169005904953346','1252884495040782337','testTask','1',0,NULL,0,'2020-06-17 16:22:00'),('1273169257613524994','1252884495040782337','testTask','1',0,NULL,1,'2020-06-17 16:23:00'),('1273169509217239042','1252884495040782337','testTask','1',0,NULL,1,'2020-06-17 16:24:00'),('1273169761273937922','1252884495040782337','testTask','1',0,NULL,1,'2020-06-17 16:25:00'),('1273170012571467777','1252884495040782337','testTask','1',0,NULL,1,'2020-06-17 16:26:00'),('1273170264191959042','1252884495040782337','testTask','1',0,NULL,1,'2020-06-17 16:27:00'),('1273170515913113601','1252884495040782337','testTask','1',0,NULL,1,'2020-06-17 16:28:00'),('1273170767546187777','1252884495040782337','testTask','1',0,NULL,2,'2020-06-17 16:29:00'),('1273171019183456258','1252884495040782337','testTask','1',0,NULL,1,'2020-06-17 16:30:00'),('1273171270829113345','1252884495040782337','testTask','1',0,NULL,1,'2020-06-17 16:31:00'),('1273171522483159041','1252884495040782337','testTask','1',0,NULL,1,'2020-06-17 16:32:00'),('1273171774141399042','1252884495040782337','testTask','1',0,NULL,1,'2020-06-17 16:33:00'),('1273172025799639041','1252884495040782337','testTask','1',0,NULL,2,'2020-06-17 16:34:00'),('1273172277457879041','1252884495040782337','testTask','1',0,NULL,2,'2020-06-17 16:35:00'),('1273172529116119042','1252884495040782337','testTask','1',0,NULL,1,'2020-06-17 16:36:00'),('1273172780774359042','1252884495040782337','testTask','1',0,NULL,1,'2020-06-17 16:37:00'),('1273173032499707906','1252884495040782337','testTask','1',0,NULL,0,'2020-06-17 16:38:00'),('1273173284086644738','1252884495040782337','testTask','1',0,NULL,2,'2020-06-17 16:39:00'),('1273173535749079042','1252884495040782337','testTask','1',0,NULL,1,'2020-06-17 16:40:00'),('1273173787411513345','1252884495040782337','testTask','1',0,NULL,1,'2020-06-17 16:41:00'),('1273174039120084994','1252884495040782337','testTask','1',0,NULL,2,'2020-06-17 16:42:00'),('1273174290774130690','1252884495040782337','testTask','1',0,NULL,1,'2020-06-17 16:43:00'),('1273174542386233346','1252884495040782337','testTask','1',0,NULL,1,'2020-06-17 16:44:00'),('1273174794040279041','1252884495040782337','testTask','1',0,NULL,2,'2020-06-17 16:45:00'),('1273175045698519042','1252884495040782337','testTask','1',0,NULL,1,'2020-06-17 16:46:00'),('1273175297352564737','1252884495040782337','testTask','1',0,NULL,2,'2020-06-17 16:47:00'),('1273175549010804738','1252884495040782337','testTask','1',0,NULL,1,'2020-06-17 16:48:00'),('1273175800673239041','1252884495040782337','testTask','1',0,NULL,0,'2020-06-17 16:49:00'),('1273176052352450561','1252884495040782337','testTask','1',0,NULL,2,'2020-06-17 16:50:00'),('1273176303989719042','1252884495040782337','testTask','1',0,NULL,1,'2020-06-17 16:51:00'),('1273176555643764737','1252884495040782337','testTask','1',0,NULL,1,'2020-06-17 16:52:00'),('1273176807310393346','1252884495040782337','testTask','1',0,NULL,1,'2020-06-17 16:53:00'),('1273177058960244738','1252884495040782337','testTask','1',0,NULL,1,'2020-06-17 16:54:00'),('1273177310693982210','1252884495040782337','testTask','1',0,NULL,1,'2020-06-17 16:55:00'),('1273177562348027905','1252884495040782337','testTask','1',0,NULL,0,'2020-06-17 16:56:00'),('1273177814069182466','1252884495040782337','testTask','1',0,NULL,1,'2020-06-17 16:57:00'),('1273178065677090818','1252884495040782337','testTask','1',0,NULL,1,'2020-06-17 16:58:00'),('1273178317335330817','1252884495040782337','testTask','1',0,NULL,1,'2020-06-17 16:59:00'),('1273178568905490433','1252884495040782337','testTask','1',0,NULL,2,'2020-06-17 17:00:00'),('1273178820567924737','1252884495040782337','testTask','1',0,NULL,0,'2020-06-17 17:01:00'),('1273179072230359042','1252884495040782337','testTask','1',0,NULL,2,'2020-06-17 17:02:00'),('1273179323884404737','1252884495040782337','testTask','1',0,NULL,1,'2020-06-17 17:03:00'),('1273179575546839041','1252884495040782337','testTask','1',0,NULL,2,'2020-06-17 17:04:00'),('1273179827200884737','1252884495040782337','testTask','1',0,NULL,1,'2020-06-17 17:05:00'),('1273180078930427905','1252884495040782337','testTask','1',0,NULL,1,'2020-06-17 17:06:00'),('1273180330521559041','1252884495040782337','testTask','1',0,NULL,1,'2020-06-17 17:07:00'),('1273180582238519297','1252884495040782337','testTask','1',0,NULL,1,'2020-06-17 17:08:00'),('1273180833846427649','1252884495040782337','testTask','1',0,NULL,0,'2020-06-17 17:09:00'),('1273181085500473345','1252884495040782337','testTask','1',0,NULL,1,'2020-06-17 17:10:00'),('1273181337154519041','1252884495040782337','testTask','1',0,NULL,1,'2020-06-17 17:11:00'),('1273181588812759041','1252884495040782337','testTask','1',0,NULL,1,'2020-06-17 17:12:00'),('1273181841003765761','1252884495040782337','testTask','1',0,NULL,1,'2020-06-17 17:13:00'),('1273182092133523457','1252884495040782337','testTask','1',0,NULL,0,'2020-06-17 17:14:00'),('1273182343787569154','1252884495040782337','testTask','1',0,NULL,2,'2020-06-17 17:15:00'),('1273182595441614850','1252884495040782337','testTask','1',0,NULL,1,'2020-06-17 17:16:00'),('1273182847187935233','1252884495040782337','testTask','1',0,NULL,1,'2020-06-17 17:17:00'),('1273183098795843585','1252884495040782337','testTask','1',0,NULL,0,'2020-06-17 17:18:00'),('1273183350420529154','1252884495040782337','testTask','1',0,NULL,1,'2020-06-17 17:19:00'),('1273183602078769153','1252884495040782337','testTask','1',0,NULL,2,'2020-06-17 17:20:00'),('1273183853837672449','1252884495040782337','testTask','1',0,NULL,1,'2020-06-17 17:21:00'),('1273184105479135233','1252884495040782337','testTask','1',0,NULL,1,'2020-06-17 17:22:00'),('1273184357057683457','1252884495040782337','testTask','1',0,NULL,3,'2020-06-17 17:23:00'),('1273184608711729153','1252884495040782337','testTask','1',0,NULL,5,'2020-06-17 17:24:00'),('1273217471041626113','1252884495040782337','testTask','1',0,NULL,0,'2020-06-17 19:34:34'),('1273217575983112193','1252884495040782337','testTask','1',0,NULL,0,'2020-06-17 19:35:00'),('1273217827641352194','1252884495040782337','testTask','1',0,NULL,0,'2020-06-17 19:36:00'),('1273218079257649154','1252884495040782337','testTask','1',0,NULL,1,'2020-06-17 19:37:00'),('1273218330915889154','1252884495040782337','testTask','1',0,NULL,1,'2020-06-17 19:38:00'),('1273218582569934849','1252884495040782337','testTask','1',0,NULL,1,'2020-06-17 19:39:00'),('1273218834232369153','1252884495040782337','testTask','1',0,NULL,1,'2020-06-17 19:40:00'),('1273219085886414850','1252884495040782337','testTask','1',0,NULL,1,'2020-06-17 19:41:00'),('1273219337548849154','1252884495040782337','testTask','1',0,NULL,1,'2020-06-17 19:42:00'),('1273219589207089154','1252884495040782337','testTask','1',0,NULL,1,'2020-06-17 19:43:00'),('1273219840877912066','1252884495040782337','testTask','1',0,NULL,0,'2020-06-17 19:44:00'),('1273220092519374850','1252884495040782337','testTask','1',0,NULL,1,'2020-06-17 19:45:00'),('1273220344198586370','1252884495040782337','testTask','1',0,NULL,1,'2020-06-17 19:46:00'),('1273220595835854849','1252884495040782337','testTask','1',0,NULL,1,'2020-06-17 19:47:00'),('1273220847527649282','1252884495040782337','testTask','1',0,NULL,0,'2020-06-17 19:48:00'),('1273221099152334849','1252884495040782337','testTask','1',0,NULL,0,'2020-06-17 19:49:00'),('1273221350810574849','1252884495040782337','testTask','1',0,NULL,0,'2020-06-17 19:50:00'),('1273221602468814849','1252884495040782337','testTask','1',0,NULL,1,'2020-06-17 19:51:00'),('1273221854135443457','1252884495040782337','testTask','1',0,NULL,1,'2020-06-17 19:52:00'),('1273222105814654977','1252884495040782337','testTask','1',0,NULL,1,'2020-06-17 19:53:00'),('1273222357447729154','1252884495040782337','testTask','1',0,NULL,0,'2020-06-17 19:54:00'),('1273222609105969153','1252884495040782337','testTask','1',0,NULL,0,'2020-06-17 19:55:00'),('1273222860793569282','1252884495040782337','testTask','1',0,NULL,1,'2020-06-17 19:56:00'),('1273223112439226370','1252884495040782337','testTask','1',0,NULL,0,'2020-06-17 19:57:00'),('1273223364080689153','1252884495040782337','testTask','1',0,NULL,1,'2020-06-17 19:58:00'),('1273223615734734849','1252884495040782337','testTask','1',0,NULL,1,'2020-06-17 19:59:00'),('1273223867397169154','1252884495040782337','testTask','1',0,NULL,1,'2020-06-17 20:00:00'),('1273229658501939202','1252884495040782337','testTask','1',0,NULL,1,'2020-06-17 20:23:00'),('1273229907295469570','1252884495040782337','testTask','1',0,NULL,0,'2020-06-17 20:24:00'),('1273230158853046273','1252884495040782337','testTask','1',0,NULL,1,'2020-06-17 20:25:00'),('1273230662333124609','1252884495040782337','testTask','1',0,NULL,1,'2020-06-17 20:27:00'),('1273230920354123778','1252884495040782337','testTask','1',0,NULL,0,'2020-06-17 20:28:01'),('1273232223021092866','1252884495040782337','testTask','1',0,NULL,1,'2020-06-17 20:33:12'),('1273232423806619649','1252884495040782337','testTask','1',0,NULL,1,'2020-06-17 20:34:00'),('1273232675439693825','1252884495040782337','testTask','1',0,NULL,1,'2020-06-17 20:35:00'),('1273232927102128129','1252884495040782337','testTask','1',0,NULL,0,'2020-06-17 20:36:00'),('1273233178756173826','1252884495040782337','testTask','1',0,NULL,0,'2020-06-17 20:37:00'),('1273233430494105602','1252884495040782337','testTask','1',0,NULL,1,'2020-06-17 20:38:00'),('1273233682257166337','1252884495040782337','testTask','1',0,NULL,0,'2020-06-17 20:39:00'),('1273233953771241473','1252884495040782337','testTask','1',0,NULL,1,'2020-06-17 20:40:04'),('1273234185384902657','1252884495040782337','testTask','1',0,NULL,0,'2020-06-17 20:41:00'),('1273234437043142657','1252884495040782337','testTask','1',0,NULL,1,'2020-06-17 20:42:00'),('1273234688701382657','1252884495040782337','testTask','1',0,NULL,0,'2020-06-17 20:43:00'),('1273234940359622658','1252884495040782337','testTask','1',0,NULL,1,'2020-06-17 20:44:00'),('1273235192034639873','1252884495040782337','testTask','1',0,NULL,1,'2020-06-17 20:45:00'),('1273235443676102658','1252884495040782337','testTask','1',0,NULL,0,'2020-06-17 20:46:00'),('1273235695359508481','1252884495040782337','testTask','1',0,NULL,0,'2020-06-17 20:47:00'),('1273235947013554177','1252884495040782337','testTask','1',0,NULL,0,'2020-06-17 20:48:00'),('1273236198650822658','1252884495040782337','testTask','1',0,NULL,1,'2020-06-17 20:49:00'),('1273236450309062657','1252884495040782337','testTask','1',0,NULL,0,'2020-06-17 20:50:00'),('1273236702009245697','1252884495040782337','testTask','1',0,NULL,0,'2020-06-17 20:51:00'),('1273236953625542657','1252884495040782337','testTask','1',0,NULL,0,'2020-06-17 20:52:00'),('1273237205279588354','1252884495040782337','testTask','1',0,NULL,1,'2020-06-17 20:53:00'),('1273237456954605570','1252884495040782337','testTask','1',0,NULL,1,'2020-06-17 20:54:00'),('1273237708604456961','1252884495040782337','testTask','1',0,NULL,1,'2020-06-17 20:55:00'),('1273237960254308353','1252884495040782337','testTask','1',0,NULL,1,'2020-06-17 20:56:00'),('1273238211950297089','1252884495040782337','testTask','1',0,NULL,0,'2020-06-17 20:57:00'),('1273238463574982658','1252884495040782337','testTask','1',0,NULL,0,'2020-06-17 20:58:00'),('1273238715266777090','1252884495040782337','testTask','1',0,NULL,0,'2020-06-17 20:59:00'),('1273238966891462657','1252884495040782337','testTask','1',0,NULL,2,'2020-06-17 21:00:00'),('1273239218549702658','1252884495040782337','testTask','1',0,NULL,1,'2020-06-17 21:01:00'),('1273239470207942657','1252884495040782337','testTask','1',0,NULL,1,'2020-06-17 21:02:00'),('1273239721866182658','1252884495040782337','testTask','1',0,NULL,0,'2020-06-17 21:03:00'),('1273239973524422657','1252884495040782337','testTask','1',0,NULL,1,'2020-06-17 21:04:00'),('1273240225232994306','1252884495040782337','testTask','1',0,NULL,0,'2020-06-17 21:05:00'),('1273240476853485569','1252884495040782337','testTask','1',0,NULL,0,'2020-06-17 21:06:00'),('1273240728528502785','1252884495040782337','testTask','1',0,NULL,0,'2020-06-17 21:07:00'),('1273240980157382658','1252884495040782337','testTask','1',0,NULL,0,'2020-06-17 21:08:00'),('1273241231811428353','1252884495040782337','testTask','1',0,NULL,1,'2020-06-17 21:09:00'),('1273241483515805697','1252884495040782337','testTask','1',0,NULL,1,'2020-06-17 21:10:00'),('1273241735413194753','1252884495040782337','testTask','1',0,NULL,1,'2020-06-17 21:11:00'),('1273241986815582209','1252884495040782337','testTask','1',0,NULL,1,'2020-06-17 21:12:00'),('1273242238486405121','1252884495040782337','testTask','1',0,NULL,2,'2020-06-17 21:13:00'),('1273242490157228033','1252884495040782337','testTask','1',0,NULL,0,'2020-06-17 21:14:00'),('1273242741798690817','1252884495040782337','testTask','1',0,NULL,1,'2020-06-17 21:15:00'),('1273242993423376385','1252884495040782337','testTask','1',0,NULL,1,'2020-06-17 21:16:00'),('1273243245081616385','1252884495040782337','testTask','1',0,NULL,0,'2020-06-17 21:17:00'),('1273243496815353857','1252884495040782337','testTask','1',0,NULL,1,'2020-06-17 21:18:00'),('1273243748452622337','1252884495040782337','testTask','1',0,NULL,0,'2020-06-17 21:19:00'),('1273244000056336385','1252884495040782337','testTask','1',0,NULL,2,'2020-06-17 21:20:00'),('1273244251714576385','1252884495040782337','testTask','1',0,NULL,0,'2020-06-17 21:21:00'),('1273244503414759426','1252884495040782337','testTask','1',0,NULL,1,'2020-06-17 21:22:00'),('1273244755031056386','1252884495040782337','testTask','1',0,NULL,1,'2020-06-17 21:23:00'),('1273245006739628034','1252884495040782337','testTask','1',0,NULL,1,'2020-06-17 21:24:00'),('1273245258347536386','1252884495040782337','testTask','1',0,NULL,1,'2020-06-17 21:25:00'),('1273245510077079553','1252884495040782337','testTask','1',0,NULL,2,'2020-06-17 21:26:00'),('1273245761664016385','1252884495040782337','testTask','1',0,NULL,2,'2020-06-17 21:27:00'),('1273246013322256386','1252884495040782337','testTask','1',0,NULL,0,'2020-06-17 21:28:00'),('1273246264993079298','1252884495040782337','testTask','1',0,NULL,0,'2020-06-17 21:29:00'),('1273246516638736386','1252884495040782337','testTask','1',0,NULL,1,'2020-06-17 21:30:00'),('1273246768292782081','1252884495040782337','testTask','1',0,NULL,1,'2020-06-17 21:31:00'),('1273247019951022082','1252884495040782337','testTask','1',0,NULL,1,'2020-06-17 21:32:00'),('1273247271609262082','1252884495040782337','testTask','1',0,NULL,1,'2020-06-17 21:33:00'),('1273247523267502081','1252884495040782337','testTask','1',0,NULL,0,'2020-06-17 21:34:00'),('1273247774934130689','1252884495040782337','testTask','1',0,NULL,1,'2020-06-17 21:35:00'),('1273248026588176386','1252884495040782337','testTask','1',0,NULL,0,'2020-06-17 21:36:00'),('1273248278305136642','1252884495040782337','testTask','1',0,NULL,1,'2020-06-17 21:37:00'),('1273248529904656385','1252884495040782337','testTask','1',0,NULL,1,'2020-06-17 21:38:00'),('1273248781567090689','1252884495040782337','testTask','1',0,NULL,0,'2020-06-17 21:39:00'),('1273249033216942081','1252884495040782337','testTask','1',0,NULL,0,'2020-06-17 21:40:00'),('1273249284875182082','1252884495040782337','testTask','1',0,NULL,0,'2020-06-17 21:41:00'),('1273249536558587905','1252884495040782337','testTask','1',0,NULL,1,'2020-06-17 21:42:00'),('1273249788510343170','1252884495040782337','testTask','1',0,NULL,0,'2020-06-17 21:43:00'),('1273250039912730626','1252884495040782337','testTask','1',0,NULL,1,'2020-06-17 21:44:00'),('1273250291512250369','1252884495040782337','testTask','1',0,NULL,2,'2020-06-17 21:45:00'),('1273250543170490370','1252884495040782337','testTask','1',0,NULL,0,'2020-06-17 21:46:00'),('1273250794824536066','1252884495040782337','testTask','1',0,NULL,1,'2020-06-17 21:47:00'),('1273251046491164674','1252884495040782337','testTask','1',0,NULL,2,'2020-06-17 21:48:00'),('1273251409835331585','1252884495040782337','testTask','1',0,NULL,1,'2020-06-17 21:49:26'),('1273251549920890881','1252884495040782337','testTask','1',0,NULL,0,'2020-06-17 21:50:00'),('1273251814552113154','1252884495040782337','testTask','1',0,NULL,0,'2020-06-17 21:51:03'),('1273252556444798977','1252884495040782337','testTask','1',0,NULL,0,'2020-06-17 21:54:00'),('1273252822451752961','1252884495040782337','testTask','1',0,NULL,1,'2020-06-17 21:55:03'),('1273253059799027714','1252884495040782337','testTask','1',0,NULL,0,'2020-06-17 21:56:00'),('1273253311415324673','1252884495040782337','testTask','1',0,NULL,1,'2020-06-17 21:57:00'),('1273253563077758977','1252884495040782337','testTask','1',0,NULL,1,'2020-06-17 21:58:00'),('1273253814727610370','1252884495040782337','testTask','1',0,NULL,1,'2020-06-17 21:59:00'),('1273254066486513665','1252884495040782337','testTask','1',0,NULL,1,'2020-06-17 22:00:00'),('1273254318044090369','1252884495040782337','testTask','1',0,NULL,1,'2020-06-17 22:01:00'),('1273254569702330370','1252884495040782337','testTask','1',0,NULL,1,'2020-06-17 22:02:00'),('1273254821356376065','1252884495040782337','testTask','1',0,NULL,0,'2020-06-17 22:03:00'),('1273255073018810369','1252884495040782337','testTask','1',0,NULL,1,'2020-06-17 22:04:00'),('1273279483943587842','1252884495040782337','testTask','1',0,NULL,0,'2020-06-17 23:41:00'),('1273279735526330370','1252884495040782337','testTask','1',0,NULL,0,'2020-06-17 23:42:00'),('1273279987218124801','1252884495040782337','testTask','1',0,NULL,0,'2020-06-17 23:43:00'),('1273280238851198978','1252884495040782337','testTask','1',0,NULL,0,'2020-06-17 23:44:00'),('1273438531884158977','1252884495040782337','testTask','1',0,NULL,1,'2020-06-18 10:13:00'),('1273438783571759106','1252884495040782337','testTask','1',0,NULL,0,'2020-06-18 10:14:00'),('1273439035196444674','1252884495040782337','testTask','1',0,NULL,1,'2020-06-18 10:15:00'),('1273439286846296066','1252884495040782337','testTask','1',0,NULL,1,'2020-06-18 10:16:00'),('1273439538508730370','1252884495040782337','testTask','1',0,NULL,1,'2020-06-18 10:17:00'),('1273439790192136193','1252884495040782337','testTask','1',0,NULL,1,'2020-06-18 10:18:00'),('1273440041825210369','1252884495040782337','testTask','1',0,NULL,1,'2020-06-18 10:19:00'),('1273440293525393410','1252884495040782337','testTask','1',0,NULL,1,'2020-06-18 10:20:00'),('1273440545137496065','1252884495040782337','testTask','1',0,NULL,1,'2020-06-18 10:21:00'),('1273440796858650625','1252884495040782337','testTask','1',0,NULL,1,'2020-06-18 10:22:00'),('1273441048453976066','1252884495040782337','testTask','1',0,NULL,1,'2020-06-18 10:23:00'),('1273441300166742018','1252884495040782337','testTask','1',0,NULL,1,'2020-06-18 10:24:00'),('1273441551824982017','1252884495040782337','testTask','1',0,NULL,0,'2020-06-18 10:25:00'),('1273441803432890369','1252884495040782337','testTask','1',0,NULL,0,'2020-06-18 10:26:00'),('1273442055149850625','1252884495040782337','testTask','1',0,NULL,1,'2020-06-18 10:27:00'),('1273442306749370370','1252884495040782337','testTask','1',0,NULL,1,'2020-06-18 10:28:00'),('1273442558407610369','1252884495040782337','testTask','1',0,NULL,1,'2020-06-18 10:29:00'),('1273442810065850370','1252884495040782337','testTask','1',0,NULL,0,'2020-06-18 10:30:00'),('1273443061724090370','1252884495040782337','testTask','1',0,NULL,0,'2020-06-18 10:31:00'),('1273443313378136066','1252884495040782337','testTask','1',0,NULL,1,'2020-06-18 10:32:00'),('1273443565040570369','1252884495040782337','testTask','1',0,NULL,1,'2020-06-18 10:33:00'),('1273443816694616065','1252884495040782337','testTask','1',0,NULL,0,'2020-06-18 10:34:00'),('1273444068357050370','1252884495040782337','testTask','1',0,NULL,0,'2020-06-18 10:35:00'),('1273444320074010625','1252884495040782337','testTask','1',0,NULL,1,'2020-06-18 10:36:00'),('1273444571673530369','1252884495040782337','testTask','1',0,NULL,0,'2020-06-18 10:37:00'),('1273444823331770370','1252884495040782337','testTask','1',0,NULL,0,'2020-06-18 10:38:00'),('1273445074990010369','1252884495040782337','testTask','1',0,NULL,0,'2020-06-18 10:39:00'),('1273445326648250370','1252884495040782337','testTask','1',0,NULL,1,'2020-06-18 10:40:00'),('1273445578302296066','1252884495040782337','testTask','1',0,NULL,0,'2020-06-18 10:41:00'),('1273445829960536065','1252884495040782337','testTask','1',0,NULL,0,'2020-06-18 10:42:00'),('1273446081618776066','1252884495040782337','testTask','1',0,NULL,0,'2020-06-18 10:43:00'),('1273446333285404674','1252884495040782337','testTask','1',0,NULL,1,'2020-06-18 10:44:00'),('1273446584939450370','1252884495040782337','testTask','1',0,NULL,1,'2020-06-18 10:45:00'),('1273446836606078978','1252884495040782337','testTask','1',0,NULL,1,'2020-06-18 10:46:00'),('1273447088251736065','1252884495040782337','testTask','1',0,NULL,0,'2020-06-18 10:47:00'),('1273447339909976065','1252884495040782337','testTask','1',0,NULL,0,'2020-06-18 10:48:00'),('1273447591618547714','1252884495040782337','testTask','1',0,NULL,1,'2020-06-18 10:49:00'),('1273447843264204802','1252884495040782337','testTask','1',0,NULL,0,'2020-06-18 10:50:00'),('1273448094888890370','1252884495040782337','testTask','1',0,NULL,0,'2020-06-18 10:51:00'),('1273448346597462017','1252884495040782337','testTask','1',0,NULL,1,'2020-06-18 10:52:00'),('1273448598205370370','1252884495040782337','testTask','1',0,NULL,1,'2020-06-18 10:53:00'),('1273448849863610369','1252884495040782337','testTask','1',0,NULL,0,'2020-06-18 10:54:00'),('1273449101521850369','1252884495040782337','testTask','1',0,NULL,0,'2020-06-18 10:55:00'),('1273449353184284674','1252884495040782337','testTask','1',0,NULL,0,'2020-06-18 10:56:00'),('1273449604842524673','1252884495040782337','testTask','1',0,NULL,2,'2020-06-18 10:57:00'),('1273449856496570370','1252884495040782337','testTask','1',0,NULL,1,'2020-06-18 10:58:00'),('1273450108154810370','1252884495040782337','testTask','1',0,NULL,1,'2020-06-18 10:59:00'),('1273450359825633282','1252884495040782337','testTask','1',0,NULL,0,'2020-06-18 11:00:00'),('1273450611525816321','1252884495040782337','testTask','1',0,NULL,0,'2020-06-18 11:01:00'),('1273450863129530369','1252884495040782337','testTask','1',0,NULL,0,'2020-06-18 11:02:00'),('1273451114833907714','1252884495040782337','testTask','1',0,NULL,1,'2020-06-18 11:03:00'),('1273451366446010369','1252884495040782337','testTask','1',0,NULL,1,'2020-06-18 11:04:00'),('1273451618104250370','1252884495040782337','testTask','1',0,NULL,1,'2020-06-18 11:05:00'),('1273451869770878978','1252884495040782337','testTask','1',0,NULL,1,'2020-06-18 11:06:00'),('1273452121433313282','1252884495040782337','testTask','1',0,NULL,0,'2020-06-18 11:07:00'),('1273452373078970369','1252884495040782337','testTask','1',0,NULL,0,'2020-06-18 11:08:00'),('1273452624741404674','1252884495040782337','testTask','1',0,NULL,0,'2020-06-18 11:09:00'),('1273452876395450370','1252884495040782337','testTask','1',0,NULL,1,'2020-06-18 11:10:00'),('1273453128053690370','1252884495040782337','testTask','1',0,NULL,0,'2020-06-18 11:11:00'),('1273453379720318977','1252884495040782337','testTask','1',0,NULL,1,'2020-06-18 11:12:00'),('1273453631365976065','1252884495040782337','testTask','1',0,NULL,1,'2020-06-18 11:13:00'),('1273453883028410369','1252884495040782337','testTask','1',0,NULL,1,'2020-06-18 11:14:00'),('1273454134736982018','1252884495040782337','testTask','1',0,NULL,0,'2020-06-18 11:15:00'),('1273454386344890370','1252884495040782337','testTask','1',0,NULL,0,'2020-06-18 11:16:00'),('1273454638007324673','1252884495040782337','testTask','1',0,NULL,0,'2020-06-18 11:17:00'),('1273454889657176066','1252884495040782337','testTask','1',0,NULL,1,'2020-06-18 11:18:00'),('1273455141315416066','1252884495040782337','testTask','1',0,NULL,0,'2020-06-18 11:19:00'),('1273455392998821890','1252884495040782337','testTask','1',0,NULL,0,'2020-06-18 11:20:00'),('1273455644661256194','1252884495040782337','testTask','1',0,NULL,1,'2020-06-18 11:21:00'),('1273455896294330369','1252884495040782337','testTask','1',0,NULL,1,'2020-06-18 11:22:00'),('1273456147986124802','1252884495040782337','testTask','1',0,NULL,1,'2020-06-18 11:23:00'),('1273456399610810369','1252884495040782337','testTask','1',0,NULL,0,'2020-06-18 11:24:00'),('1273456651269050369','1252884495040782337','testTask','1',0,NULL,0,'2020-06-18 11:25:00'),('1273456902923096066','1252884495040782337','testTask','1',0,NULL,0,'2020-06-18 11:26:00'),('1273457154581336065','1252884495040782337','testTask','1',0,NULL,0,'2020-06-18 11:27:00'),('1273457406289907714','1252884495040782337','testTask','1',0,NULL,1,'2020-06-18 11:28:00'),('1273457657897816065','1252884495040782337','testTask','1',0,NULL,1,'2020-06-18 11:29:00'),('1273457909556056065','1252884495040782337','testTask','1',0,NULL,1,'2020-06-18 11:30:00'),('1273458161218490369','1252884495040782337','testTask','1',0,NULL,0,'2020-06-18 11:31:00'),('1273458412876730369','1252884495040782337','testTask','1',0,NULL,0,'2020-06-18 11:32:00'),('1273458664530776065','1252884495040782337','testTask','1',0,NULL,1,'2020-06-18 11:33:00'),('1273458916243542018','1252884495040782337','testTask','1',0,NULL,0,'2020-06-18 11:34:00'),('1273459167897587713','1252884495040782337','testTask','1',0,NULL,0,'2020-06-18 11:35:00'),('1273459419576799234','1252884495040782337','testTask','1',0,NULL,0,'2020-06-18 11:36:00'),('1273459671193096193','1252884495040782337','testTask','1',0,NULL,0,'2020-06-18 11:37:00'),('1273459922821976065','1252884495040782337','testTask','1',0,NULL,1,'2020-06-18 11:38:00'),('1273460174484410369','1252884495040782337','testTask','1',0,NULL,1,'2020-06-18 11:39:00'),('1273460426201370626','1252884495040782337','testTask','1',0,NULL,1,'2020-06-18 11:40:00'),('1273460677800890370','1252884495040782337','testTask','1',0,NULL,0,'2020-06-18 11:41:00'),('1273460929454936065','1252884495040782337','testTask','1',0,NULL,1,'2020-06-18 11:42:00'),('1273461181134147586','1252884495040782337','testTask','1',0,NULL,0,'2020-06-18 11:43:00'),('1273461432783998978','1252884495040782337','testTask','1',0,NULL,1,'2020-06-18 11:44:00'),('1273461684429656066','1252884495040782337','testTask','1',0,NULL,0,'2020-06-18 11:45:00'),('1273461936092090370','1252884495040782337','testTask','1',0,NULL,0,'2020-06-18 11:46:00'),('1273462187746136065','1252884495040782337','testTask','1',0,NULL,1,'2020-06-18 11:47:00'),('1273462439404376065','1252884495040782337','testTask','1',0,NULL,1,'2020-06-18 11:48:00'),('1273462691062616065','1252884495040782337','testTask','1',0,NULL,0,'2020-06-18 11:49:00'),('1273462942725050370','1252884495040782337','testTask','1',0,NULL,0,'2020-06-18 11:50:00'),('1273491631768604673','1252884495040782337','testTask','1',0,NULL,1,'2020-06-18 13:44:00'),('1273491883418456065','1252884495040782337','testTask','1',0,NULL,1,'2020-06-18 13:45:00'),('1273492135080890370','1252884495040782337','testTask','1',0,NULL,0,'2020-06-18 13:46:00'),('1273492386772684801','1252884495040782337','testTask','1',0,NULL,1,'2020-06-18 13:47:00'),('1273492638397370369','1252884495040782337','testTask','1',0,NULL,0,'2020-06-18 13:48:00'),('1273492890055610369','1252884495040782337','testTask','1',0,NULL,1,'2020-06-18 13:49:00'),('1273493141713850370','1252884495040782337','testTask','1',0,NULL,1,'2020-06-18 13:50:00'),('1273493393372090370','1252884495040782337','testTask','1',0,NULL,1,'2020-06-18 13:51:00'),('1273493645030330369','1252884495040782337','testTask','1',0,NULL,1,'2020-06-18 13:52:00'),('1273493896684376066','1252884495040782337','testTask','1',0,NULL,1,'2020-06-18 13:53:00'),('1273494148346810370','1252884495040782337','testTask','1',0,NULL,1,'2020-06-18 13:54:00'),('1273494400038604802','1252884495040782337','testTask','1',0,NULL,2,'2020-06-18 13:55:00'),('1273494651709427713','1252884495040782337','testTask','1',0,NULL,1,'2020-06-18 13:56:00'),('1273494903317336066','1252884495040782337','testTask','1',0,NULL,0,'2020-06-18 13:57:00'),('1273495155004936194','1252884495040782337','testTask','1',0,NULL,1,'2020-06-18 13:58:00'),('1273495406654787586','1252884495040782337','testTask','1',0,NULL,1,'2020-06-18 13:59:00'),('1273495658287861761','1252884495040782337','testTask','1',0,NULL,0,'2020-06-18 14:00:00'),('1273495910122262529','1252884495040782337','testTask','1',0,NULL,0,'2020-06-18 14:01:00'),('1273496161608536065','1252884495040782337','testTask','1',0,NULL,1,'2020-06-18 14:02:00'),('1273496413266776066','1252884495040782337','testTask','1',0,NULL,1,'2020-06-18 14:03:00'),('1273496664929210370','1252884495040782337','testTask','1',0,NULL,1,'2020-06-18 14:04:00'),('1273496916587450369','1252884495040782337','testTask','1',0,NULL,0,'2020-06-18 14:05:00'),('1273497168241496065','1252884495040782337','testTask','1',0,NULL,1,'2020-06-18 14:06:00'),('1273497419929096193','1252884495040782337','testTask','1',0,NULL,1,'2020-06-18 14:07:00'),('1273497671595724801','1252884495040782337','testTask','1',0,NULL,0,'2020-06-18 14:08:00'),('1273497923220410369','1252884495040782337','testTask','1',0,NULL,1,'2020-06-18 14:09:00'),('1273498174878650369','1252884495040782337','testTask','1',0,NULL,0,'2020-06-18 14:10:00'),('1273498426599804929','1252884495040782337','testTask','1',0,NULL,1,'2020-06-18 14:11:00');

/*Table structure for table `sys_log` */

DROP TABLE IF EXISTS `sys_log`;

CREATE TABLE `sys_log` (
  `id` varchar(64) NOT NULL,
  `user_id` varchar(64) DEFAULT NULL COMMENT '用户id',
  `username` varchar(50) DEFAULT NULL COMMENT '用户名',
  `operation` varchar(50) DEFAULT NULL COMMENT '用户操作',
  `time` int(11) DEFAULT NULL COMMENT '响应时间',
  `method` varchar(200) DEFAULT NULL COMMENT '请求方法',
  `params` varchar(5000) DEFAULT NULL COMMENT '请求参数',
  `ip` varchar(64) DEFAULT NULL COMMENT 'IP地址',
  `create_time` datetime DEFAULT NULL COMMENT '创建时间',
  PRIMARY KEY (`id`)
) ENGINE=InnoDB DEFAULT CHARSET=utf8 COMMENT='系统日志';

/*Data for the table `sys_log` */

insert  into `sys_log`(`id`,`user_id`,`username`,`operation`,`time`,`method`,`params`,`ip`,`create_time`) values ('00737f9a979cb6415c19f64fc6deef37','fcf34b56-a7a2-4719-9236-867495e74c31','admin','用户管理-分页获取用户列表',178,'com.company.project.controller.UserController.pageInfo()','[{\"limit\":10,\"page\":1}]','192.168.1.2','2020-06-17 17:04:55'),('0164e4a20a71ec623c870af81013f2d2','fcf34b56-a7a2-4719-9236-867495e74c31','admin','菜单权限管理-获取所有目录菜单树',133,'com.company.project.controller.PermissionController.getAllMenusPermissionTree()','[\"d6214dcb-8b6d-494b-88fa-f519fc08ff8f\"]','0:0:0:0:0:0:0:1','2020-06-13 17:12:39'),('030e15668cf08ee4d7cad7d3d7e7adbf','fcf34b56-a7a2-4719-9236-867495e74c31','admin','菜单权限管理-获取所有菜单权限',160,'com.company.project.controller.PermissionController.getAllMenusPermission()',NULL,'0:0:0:0:0:0:0:1','2020-06-13 18:28:08'),('03284144bb3e5882ca1e94599422da18','fcf34b56-a7a2-4719-9236-867495e74c31','admin','机构管理-树型组织列表',78,'com.company.project.controller.DeptController.getTree()','[null]','0:0:0:0:0:0:0:1','2020-06-13 18:32:04'),('0565f597003df4d336eec3cb13e23ed3','fcf34b56-a7a2-4719-9236-867495e74c31','admin','机构管理-树型组织列表',6,'com.company.project.controller.DeptController.getTree()','[null]','192.168.1.2','2020-06-17 17:05:04'),('072824f893fa653cd552aefd7c2306da','fcf34b56-a7a2-4719-9236-867495e74c31','admin','代码生成-代码生成',248,'com.company.project.controller.SysGeneratorController.code()',NULL,'192.168.1.2','2020-06-17 19:41:21'),('0765cfbd64828bc8a1a19a2418c6ffdd','fcf34b56-a7a2-4719-9236-867495e74c32','root','用户管理-查询用户详情',10,'com.company.project.controller.UserController.youSelfInfo()',NULL,'192.168.1.2','2020-06-17 15:29:26'),('07b47f9d0a5abd1b8260fdf84fbeadae','fcf34b56-a7a2-4719-9236-867495e74c31','admin','用户管理-分页获取用户列表',120,'com.company.project.controller.UserController.pageInfo()','[{\"limit\":10,\"page\":1}]','192.168.1.2','2020-06-17 20:23:12'),('11ee1a6d90b0b2980904e680345101d3','fcf34b56-a7a2-4719-9236-867495e74c31','admin','角色管理-分页获取角色信息',56,'com.company.project.controller.RoleController.pageInfo()','[{\"limit\":10,\"page\":1}]','0:0:0:0:0:0:0:1','2020-06-13 17:11:05'),('13e30ed32067a845be663948f8f5bf22','fcf34b56-a7a2-4719-9236-867495e74c31','admin','菜单权限管理-获取所有菜单权限',192,'com.company.project.controller.PermissionController.getAllMenusPermission()',NULL,'0:0:0:0:0:0:0:1','2020-06-13 17:11:05'),('1af3c5cdca6d8647fea71064b593e3a3','fcf34b56-a7a2-4719-9236-867495e74c31','admin','用户管理-新增用户',28,'com.company.project.controller.UserController.addUser()','[{\"createTime\":1592384732557,\"deptId\":\"4bd0b0a3-097d-4902-a1f7-641ea3b771bd\",\"deptName\":\"部门1\",\"id\":\"08ef2606ec32553439fd6c52da4c3941\",\"limit\":10,\"page\":1,\"password\":\"864f90ccad76153688e1097330fa0842\",\"phone\":\"13900000009\",\"salt\":\"d01e804f76e946f78284\",\"status\":1,\"username\":\"ttt\"}]','192.168.1.2','2020-06-17 17:05:32'),('1d08a96ada0aa3f74c093712a1bf6002','fcf34b56-a7a2-4719-9236-867495e74c31','admin','角色管理-分页获取角色信息',10,'com.company.project.controller.RoleController.pageInfo()','[{\"limit\":10,\"page\":1}]','192.168.1.2','2020-06-17 19:49:34'),('1da76c370f1c6d85e5790162eeb1d4af','fcf34b56-a7a2-4719-9236-867495e74c31','admin','机构管理-树型组织列表',4,'com.company.project.controller.DeptController.getTree()','[null]','192.168.1.2','2020-06-17 19:51:09'),('2697811eb5e0091b467529c9c86df579','fcf34b56-a7a2-4719-9236-867495e74c31','admin','菜单权限管理-获取所有菜单权限',143,'com.company.project.controller.PermissionController.getAllMenusPermission()',NULL,'0:0:0:0:0:0:0:1','2020-06-13 17:12:54'),('2a6014fb88d25a16507b78b455a5a3bf','fcf34b56-a7a2-4719-9236-867495e74c31','admin','菜单权限管理-获取所有菜单权限',154,'com.company.project.controller.PermissionController.getAllMenusPermission()',NULL,'192.168.1.2','2020-06-17 19:51:08'),('2c2d56fa8a8f300f700b0638daa04366','fcf34b56-a7a2-4719-9236-867495e74c31','admin','系统操作日志管理-分页查询系统操作日志',12,'com.company.project.controller.SysLogController.pageInfo()','[{\"limit\":10,\"page\":1}]','192.168.1.2','2020-06-17 19:42:26'),('4280b6c575ec7e731b565d2c27cdebe0','fcf34b56-a7a2-4719-9236-867495e74c31','admin','用户管理-查询用户详情',13,'com.company.project.controller.UserController.youSelfInfo()',NULL,'0:0:0:0:0:0:0:1','2020-06-13 17:53:48'),('42f34ad47c3830a254916cc0dcf1eb3c','fcf34b56-a7a2-4719-9236-867495e74c31','admin','用户管理-分页获取用户列表',50,'com.company.project.controller.UserController.pageInfo()','[{\"limit\":10,\"nickName\":\"\",\"page\":1,\"username\":\"\"}]','192.168.1.2','2020-06-17 17:12:16'),('45aec3daf179c3aee1d0fde15540add9','fcf34b56-a7a2-4719-9236-867495e74c31','admin','用户管理-分页获取用户列表',62,'com.company.project.controller.UserController.pageInfo()','[{\"limit\":10,\"page\":1}]','192.168.1.2','2020-06-17 20:23:12'),('4988d6c285b5a58b782bd0c4d2f722bb','fcf34b56-a7a2-4719-9236-867495e74c31','admin','角色管理-查询角色详情',290,'com.company.project.controller.RoleController.detailInfo()','[\"8dd881c7-078c-406a-9c5f-242ab9ecfcb5\"]','0:0:0:0:0:0:0:1','2020-06-13 18:32:13'),('4b88142e976175aac395b61e5b1d4fdc','fcf34b56-a7a2-4719-9236-867495e74c31','admin','菜单权限管理-获取所有菜单权限',162,'com.company.project.controller.PermissionController.getAllMenusPermission()',NULL,'0:0:0:0:0:0:0:1','2020-06-13 17:12:29'),('4cac8d9f7c1558a7738eea846a3f9a87','fcf34b56-a7a2-4719-9236-867495e74c31','admin','角色管理-分页获取角色信息',8,'com.company.project.controller.RoleController.pageInfo()','[{\"limit\":10,\"page\":1}]','0:0:0:0:0:0:0:1','2020-06-13 18:32:05'),('4d3d5ac1cf671ab8e0f807ca07e5590a','fcf34b56-a7a2-4719-9236-867495e74c31','admin','机构管理-树型组织列表',41,'com.company.project.controller.DeptController.getTree()','[null]','192.168.1.2','2020-06-17 19:40:21'),('4d92ce7a2cee4653189e7692928d3899','fcf34b56-a7a2-4719-9236-867495e74c31','admin','机构管理-树型组织列表',3,'com.company.project.controller.DeptController.getTree()','[null]','0:0:0:0:0:0:0:1','2020-06-13 17:12:55'),('589abc2d665c9a6fdbf27ec4553fe048','fcf34b56-a7a2-4719-9236-867495e74c31','admin','角色管理-分页获取角色信息',37,'com.company.project.controller.RoleController.pageInfo()','[{\"limit\":10,\"page\":1}]','192.168.1.2','2020-06-17 19:52:53'),('5b79476a8ddfb20541530a5866cb81ef','fcf34b56-a7a2-4719-9236-867495e74c31','admin','角色管理-分页获取角色信息',9,'com.company.project.controller.RoleController.pageInfo()','[{\"limit\":10,\"page\":1}]','192.168.1.2','2020-06-17 19:51:08'),('5bdf0fb4a1cf75d83761ef8a3ebd5df9','fcf34b56-a7a2-4719-9236-867495e74c31','admin','用户管理-分页获取用户列表',64,'com.company.project.controller.UserController.pageInfo()','[{\"limit\":10,\"page\":1}]','192.168.1.2','2020-06-17 17:05:04'),('5e2b5f9036eabe46057df5d6abb1e1ac','fcf34b56-a7a2-4719-9236-867495e74c31','admin','用户管理-分页获取用户列表',70,'com.company.project.controller.UserController.pageInfo()','[{\"limit\":10,\"page\":1}]','192.168.1.2','2020-06-17 19:52:50'),('615d13380566281cb99df715dbd58b3e','fcf34b56-a7a2-4719-9236-867495e74c31','admin','机构管理-树型组织列表',36,'com.company.project.controller.DeptController.getTree()','[null]','192.168.1.2','2020-06-17 22:00:43'),('63cd5fc96b837d8753390d0f42aa6ee9','fcf34b56-a7a2-4719-9236-867495e74c32','root','用户管理-查询用户详情',9,'com.company.project.controller.UserController.youSelfInfo()',NULL,'192.168.1.2','2020-06-17 15:28:44'),('68be333afc30663cf6cc37c1ef6b8ab5','fcf34b56-a7a2-4719-9236-867495e74c31','admin','用户管理-查询用户详情',6,'com.company.project.controller.UserController.youSelfInfo()',NULL,'0:0:0:0:0:0:0:1','2020-06-13 17:13:27'),('693d8cf2bfd3b4a344d6b82810f122d6','fcf34b56-a7a2-4719-9236-867495e74c31','admin','菜单权限管理-获取所有目录菜单树',119,'com.company.project.controller.PermissionController.getAllMenusPermissionTree()','[\"\"]','0:0:0:0:0:0:0:1','2020-06-13 17:24:06'),('7b130b9c337d3664eba08928316ca38d','fcf34b56-a7a2-4719-9236-867495e74c31','admin','菜单权限管理-获取所有目录菜单树',146,'com.company.project.controller.PermissionController.getAllMenusPermissionTree()','[\"d6214dcb-8b6d-494b-88fa-f519fc08ff8f\"]','0:0:0:0:0:0:0:1','2020-06-13 18:31:15'),('7eccfc5a2132f0169cee846f7ca7feda','fcf34b56-a7a2-4719-9236-867495e74c31','admin','机构管理-树型组织列表',45,'com.company.project.controller.DeptController.getTree()','[null]','192.168.1.2','2020-06-17 17:04:54'),('8067cb6e830a3e36019c1617881c9fac','fcf34b56-a7a2-4719-9236-867495e74c31','admin','用户管理-分页获取用户列表',58,'com.company.project.controller.UserController.pageInfo()','[{\"limit\":10,\"page\":1}]','192.168.1.2','2020-06-17 19:40:21'),('80cbea922565d5b1b75528f0728bd3ec','fcf34b56-a7a2-4719-9236-867495e74c31','admin','机构管理-树型组织列表',29,'com.company.project.controller.DeptController.getTree()','[null]','0:0:0:0:0:0:0:1','2020-06-13 17:11:06'),('8238f97a06fc620b96663fb813d90a2e','fcf34b56-a7a2-4719-9236-867495e74c31','admin','菜单权限管理-获取所有菜单权限',122,'com.company.project.controller.PermissionController.getAllMenusPermission()',NULL,'192.168.1.2','2020-06-17 19:52:58'),('88a0ec71fb2fe8a7a4d8af05ff9e5931','fcf34b56-a7a2-4719-9236-867495e74c31','admin','机构管理-获取所有组织机构',15,'com.company.project.controller.DeptController.getDeptAll()',NULL,'192.168.1.2','2020-06-17 19:40:22'),('88a73b27ce7978e1a3f3f08df2d4eb57','fcf34b56-a7a2-4719-9236-867495e74c31','admin','机构管理-获取所有组织机构',10,'com.company.project.controller.DeptController.getDeptAll()',NULL,'0:0:0:0:0:0:0:1','2020-06-13 17:24:25'),('893ac26c00a7bbf687d5b1fe2a61944a','fcf34b56-a7a2-4719-9236-867495e74c31','admin','菜单权限管理-获取所有菜单权限',174,'com.company.project.controller.PermissionController.getAllMenusPermission()',NULL,'192.168.1.2','2020-06-17 19:49:35'),('8cbfed90fd98e9b17fc8903e3b775780','fcf34b56-a7a2-4719-9236-867495e74c31','admin','机构管理-获取所有组织机构',15,'com.company.project.controller.DeptController.getDeptAll()',NULL,'0:0:0:0:0:0:0:1','2020-06-13 17:11:07'),('8de5f9d68940ebabbbbd56bfef405ba4','fcf34b56-a7a2-4719-9236-867495e74c31','admin','角色管理-分页获取角色信息',151,'com.company.project.controller.RoleController.pageInfo()','[{\"limit\":10,\"page\":1}]','192.168.1.2','2020-06-17 20:23:11'),('8e2490b3580d09565df2d45e37578858','fcf34b56-a7a2-4719-9236-867495e74c31','admin','用户管理-分页获取用户列表',204,'com.company.project.controller.UserController.pageInfo()','[{\"limit\":10,\"nickName\":\"\",\"page\":1,\"username\":\"\"}]','192.168.1.2','2020-06-17 19:34:34'),('8e2ccd3f86c73d238667bbab1e990c98','fcf34b56-a7a2-4719-9236-867495e74c31','admin','系统操作日志管理-分页查询系统操作日志',7,'com.company.project.controller.SysLogController.pageInfo()','[{\"limit\":10,\"page\":1}]','0:0:0:0:0:0:0:1','2020-06-13 17:19:13'),('8fa8ff82a8eade5dc6579250dac837df','fcf34b56-a7a2-4719-9236-867495e74c31','admin','机构管理-树型组织列表',4,'com.company.project.controller.DeptController.getTree()','[null]','192.168.1.2','2020-06-17 20:23:12'),('92777e1bf1e54fcde2330605e0d6460f','fcf34b56-a7a2-4719-9236-867495e74c31','admin','用户管理-分页获取用户列表',25,'com.company.project.controller.UserController.pageInfo()','[{\"limit\":10,\"page\":1}]','0:0:0:0:0:0:0:1','2020-06-13 17:12:56'),('961478bc05e0fe7b16024a62899b1f3f','fcf34b56-a7a2-4719-9236-867495e74c31','admin','用户管理-新增用户',17,'com.company.project.controller.UserController.addUser()','[{\"createTime\":1592385136310,\"deptId\":\"4bd0b0a3-097d-4902-a1f7-641ea3b771bd\",\"deptName\":\"\",\"id\":\"fae42d04ec4c3f937043f057b551a0f7\",\"limit\":10,\"page\":1,\"password\":\"5dc1762e1849afb5810405158d2728e3\",\"phone\":\"1387172398\",\"salt\":\"1dd2d331fd3e44168f43\",\"status\":1,\"username\":\"e321\"}]','192.168.1.2','2020-06-17 17:12:16'),('9658256278ba3baa2dc04f4cc2d5861b','fcf34b56-a7a2-4719-9236-867495e74c31','admin','机构管理-树型组织列表',3,'com.company.project.controller.DeptController.getTree()','[null]','0:0:0:0:0:0:0:1','2020-06-13 17:12:56'),('9a19477651d0a98dc9f2683d962d1743','fcf34b56-a7a2-4719-9236-867495e74c31','admin','用户管理-更新用户信息',265,'com.company.project.controller.UserController.updateUserInfo()','[{\"deptId\":\"72a4f388-50f8-4019-8c67-530cd7c74e7a\",\"deptName\":\"总公司\",\"id\":\"d860412c-9a4b-404b-8b71-ae8e3f4c27b7\",\"limit\":10,\"page\":1,\"password\":\"\",\"phone\":\"13899999999\",\"status\":1,\"username\":\"t2\"}]','192.168.1.2','2020-06-17 17:23:38'),('9b6d6a716c0d62a267ff3757fc70b40f','fcf34b56-a7a2-4719-9236-867495e74c32','root','用户管理-查询用户详情',16,'com.company.project.controller.UserController.youSelfInfo()',NULL,'192.168.1.2','2020-06-17 15:28:47'),('9c879c357f292b602776f8db05eddbba','fcf34b56-a7a2-4719-9236-867495e74c31','admin','用户管理-分页获取用户列表',63,'com.company.project.controller.UserController.pageInfo()','[{\"limit\":10,\"nickName\":\"\",\"page\":1,\"username\":\"\"}]','192.168.1.2','2020-06-17 17:05:32'),('9e5e7dfcf0783d76779c37096d918ade','fcf34b56-a7a2-4719-9236-867495e74c31','admin','角色管理-分页获取角色信息',10,'com.company.project.controller.RoleController.pageInfo()','[{\"limit\":10,\"page\":1}]','0:0:0:0:0:0:0:1','2020-06-13 18:32:04'),('a9dab3746871ad7f7120a0d3d4b7f375','fcf34b56-a7a2-4719-9236-867495e74c31','admin','角色管理-分页获取角色信息',11,'com.company.project.controller.RoleController.pageInfo()','[{\"limit\":10,\"page\":1}]','192.168.1.2','2020-06-17 19:40:19'),('aad7dff4547088e7ecee6dcb01bdeadb','fcf34b56-a7a2-4719-9236-867495e74c31','admin','角色管理-分页获取角色信息',9,'com.company.project.controller.RoleController.pageInfo()','[{\"limit\":10,\"page\":1}]','0:0:0:0:0:0:0:1','2020-06-13 17:24:16'),('ab0f444693f0327b1bc9e185320e4f51','fcf34b56-a7a2-4719-9236-867495e74c31','admin','用户管理-分页获取用户列表',51,'com.company.project.controller.UserController.pageInfo()','[{\"limit\":10,\"page\":1}]','192.168.1.2','2020-06-17 19:51:09'),('b82d0190601e48f2f3aa9b79718796bb','fcf34b56-a7a2-4719-9236-867495e74c31','admin','菜单权限管理-获取所有菜单权限',319,'com.company.project.controller.PermissionController.getAllMenusPermission()',NULL,'192.168.1.2','2020-06-17 20:23:10'),('b9be795a0370c79d0c5a584cd81bb4c4','fcf34b56-a7a2-4719-9236-867495e74c31','admin','机构管理-树型组织列表',5,'com.company.project.controller.DeptController.getTree()','[null]','192.168.1.2','2020-06-17 19:52:50'),('ba4e704e83f006c066b1a89eb56d36d1','fcf34b56-a7a2-4719-9236-867495e74c31','admin','机构管理-树型组织列表',6,'com.company.project.controller.DeptController.getTree()','[null]','192.168.1.2','2020-06-17 19:49:33'),('c15216d58784ba426426b816a58d796a','fcf34b56-a7a2-4719-9236-867495e74c31','admin','角色管理-分页获取角色信息',91,'com.company.project.controller.RoleController.pageInfo()','[{\"limit\":10,\"page\":1}]','0:0:0:0:0:0:0:1','2020-06-13 18:28:05'),('c1b5c50113f584f80e332efe1f7030d4','fcf34b56-a7a2-4719-9236-867495e74c31','admin','用户管理-分页获取用户列表',100,'com.company.project.controller.UserController.pageInfo()','[{\"limit\":10,\"page\":1}]','192.168.1.2','2020-06-17 22:00:43'),('c1f5fdbc6870e17ad2e36b7fe45a7db7','fcf34b56-a7a2-4719-9236-867495e74c31','admin','机构管理-树型组织列表',27,'com.company.project.controller.DeptController.getTree()','[null]','192.168.1.2','2020-06-17 20:23:12'),('c1f7e75b921d6dc3fd7612f9840ef95e','fcf34b56-a7a2-4719-9236-867495e74c31','admin','菜单权限管理-获取所有菜单权限',179,'com.company.project.controller.PermissionController.getAllMenusPermission()',NULL,'0:0:0:0:0:0:0:1','2020-06-13 18:28:02'),('ca3f2bcde2870f5e70d622a8e950a068','fcf34b56-a7a2-4719-9236-867495e74c31','admin','系统操作日志管理-分页查询系统操作日志',39,'com.company.project.controller.SysLogController.pageInfo()','[{\"limit\":10,\"page\":1}]','192.168.1.2','2020-06-17 19:40:27'),('cb509042e4d4b7c349614e23c4e6600e','fcf34b56-a7a2-4719-9236-867495e74c31','admin','用户管理-分页获取用户列表',66,'com.company.project.controller.UserController.pageInfo()','[{\"limit\":10,\"page\":1}]','192.168.1.2','2020-06-17 19:53:01'),('ce280cd178cafe9d8fc7ac4486fe1db6','fcf34b56-a7a2-4719-9236-867495e74c31','admin','机构管理-获取所有组织机构',8,'com.company.project.controller.DeptController.getDeptAll()',NULL,'192.168.1.2','2020-06-17 19:41:00'),('ce29997f07479fb438fad4ccbd411774',NULL,NULL,'用户管理-退出',14,'com.company.project.controller.UserController.logout()',NULL,'192.168.1.2','2020-06-17 15:57:00'),('cecb4e8959a889f7d45714aa569c2b94','fcf34b56-a7a2-4719-9236-867495e74c31','admin','机构管理-树型组织列表',3,'com.company.project.controller.DeptController.getTree()','[null]','192.168.1.2','2020-06-17 19:53:00'),('cfec1e388f5ce0f5262e6031e3661a51','fcf34b56-a7a2-4719-9236-867495e74c31','admin','系统操作日志管理-分页查询系统操作日志',16,'com.company.project.controller.SysLogController.pageInfo()','[{\"limit\":10,\"page\":1}]','192.168.1.2','2020-06-17 19:40:51'),('d09b6a345968133a4cad1bd08e48d179','fcf34b56-a7a2-4719-9236-867495e74c31','admin','菜单权限管理-获取所有菜单权限',189,'com.company.project.controller.PermissionController.getAllMenusPermission()',NULL,'192.168.1.2','2020-06-17 19:40:16'),('d19fb59ad35caef088c40681381fbfba','fcf34b56-a7a2-4719-9236-867495e74c31','admin','系统操作日志管理-分页查询系统操作日志',17,'com.company.project.controller.SysLogController.pageInfo()','[{\"limit\":10,\"page\":1}]','0:0:0:0:0:0:0:1','2020-06-13 17:11:12'),('d2be0a2560997b2080b5bd8daea06b68','fcf34b56-a7a2-4719-9236-867495e74c31','admin','机构管理-树型组织列表',3,'com.company.project.controller.DeptController.getTree()','[null]','0:0:0:0:0:0:0:1','2020-06-13 17:24:20'),('d2ffde386f628d06a09e1ae17e65fda1','fcf34b56-a7a2-4719-9236-867495e74c31','admin','用户管理-分页获取用户列表',36,'com.company.project.controller.UserController.pageInfo()','[{\"limit\":10,\"page\":1}]','0:0:0:0:0:0:0:1','2020-06-13 17:12:55'),('d71eedda4a0a0f950aca55bb8b8e2518','fcf34b56-a7a2-4719-9236-867495e74c31','admin','角色管理-分页获取角色信息',7,'com.company.project.controller.RoleController.pageInfo()','[{\"limit\":10,\"page\":1}]','0:0:0:0:0:0:0:1','2020-06-13 17:12:55'),('d7a11984c5c78b5abf20324f60b69594',NULL,NULL,'用户管理-退出',3,'com.company.project.controller.UserController.logout()',NULL,'0:0:0:0:0:0:0:1','2020-06-13 17:28:18'),('d97d15e584202223dc2931cec4c03f76','fcf34b56-a7a2-4719-9236-867495e74c31','admin','用户管理-分页获取用户列表',68,'com.company.project.controller.UserController.pageInfo()','[{\"limit\":10,\"page\":1}]','192.168.1.2','2020-06-17 19:49:33'),('e0dae80030ecd175e1ce2040d1868d67','fcf34b56-a7a2-4719-9236-867495e74c31','admin','菜单权限管理-获取所有菜单权限',137,'com.company.project.controller.PermissionController.getAllMenusPermission()',NULL,'0:0:0:0:0:0:0:1','2020-06-13 17:23:36'),('e734b7d33e674ad096bdcf4bedb813b3','fcf34b56-a7a2-4719-9236-867495e74c31','admin','系统操作日志管理-分页查询系统操作日志',14,'com.company.project.controller.SysLogController.pageInfo()','[{\"limit\":10,\"page\":1}]','192.168.1.2','2020-06-17 19:48:34'),('e7f0767fe571b27b4b1a85b401266018','fcf34b56-a7a2-4719-9236-867495e74c31','admin','用户管理-分页获取用户列表',100,'com.company.project.controller.UserController.pageInfo()','[{\"limit\":10,\"page\":1}]','0:0:0:0:0:0:0:1','2020-06-13 18:32:04'),('e8b3d855d9fd49aaebab5414f0ef3dfe','fcf34b56-a7a2-4719-9236-867495e74c31','admin','用户管理-分页获取用户列表',27,'com.company.project.controller.UserController.pageInfo()','[{\"limit\":10,\"page\":1}]','0:0:0:0:0:0:0:1','2020-06-13 17:24:20'),('e9cff2c75f53d6cd4fbe6dd0f03629a7','fcf34b56-a7a2-4719-9236-867495e74c31','admin','用户管理-分页获取用户列表',41,'com.company.project.controller.UserController.pageInfo()','[{\"limit\":10,\"page\":1}]','0:0:0:0:0:0:0:1','2020-06-13 17:11:06'),('ef82f68619042a1ea655252acdf50b59','fcf34b56-a7a2-4719-9236-867495e74c32','root','用户管理-查询用户详情',11,'com.company.project.controller.UserController.youSelfInfo()',NULL,'192.168.1.2','2020-06-17 15:28:47'),('fb863de665d151098bb037c33fe82622','fcf34b56-a7a2-4719-9236-867495e74c31','admin','机构管理-获取所有组织机构',8,'com.company.project.controller.DeptController.getDeptAll()',NULL,'0:0:0:0:0:0:0:1','2020-06-13 17:12:57');

/*Table structure for table `sys_operator` */

DROP TABLE IF EXISTS `sys_operator`;

CREATE TABLE `sys_operator` (
  `id` int(11) NOT NULL AUTO_INCREMENT,
  `NAME` varchar(30) DEFAULT NULL,
  `login_name` varchar(30) DEFAULT NULL,
  `PASSWORD` varchar(20) DEFAULT NULL,
  `priviliage` int(11) DEFAULT NULL,
  PRIMARY KEY (`id`)
) ENGINE=InnoDB DEFAULT CHARSET=utf8;

/*Data for the table `sys_operator` */

/*Table structure for table `sys_permission` */

DROP TABLE IF EXISTS `sys_permission`;

CREATE TABLE `sys_permission` (
  `id` varchar(64) NOT NULL COMMENT '主键',
  `name` varchar(300) DEFAULT NULL COMMENT '菜单权限名称',
  `perms` varchar(500) DEFAULT NULL COMMENT '授权(多个用逗号分隔，如：sys:user:add,sys:user:edit)',
  `icon` varchar(255) DEFAULT NULL COMMENT '图标',
  `url` varchar(100) DEFAULT NULL COMMENT '访问地址URL',
  `target` varchar(50) DEFAULT NULL COMMENT 'a target属性:_self _blank',
  `pid` varchar(64) DEFAULT NULL COMMENT '父级菜单权限名称',
  `order_num` int(11) DEFAULT 0 COMMENT '排序',
  `type` tinyint(4) DEFAULT NULL COMMENT '菜单权限类型(1:目录;2:菜单;3:按钮)',
  `status` tinyint(4) DEFAULT 1 COMMENT '状态1:正常 0：禁用',
  `create_time` datetime DEFAULT NULL COMMENT '创建时间',
  `update_time` datetime DEFAULT NULL COMMENT '更新时间',
  `deleted` tinyint(4) DEFAULT 1 COMMENT '是否删除(1未删除；0已删除)',
  PRIMARY KEY (`id`) USING BTREE
) ENGINE=InnoDB DEFAULT CHARSET=utf8 ROW_FORMAT=COMPACT COMMENT='系统权限';

/*Data for the table `sys_permission` */

insert  into `sys_permission`(`id`,`name`,`perms`,`icon`,`url`,`target`,`pid`,`order_num`,`type`,`status`,`create_time`,`update_time`,`deleted`) values ('010bcf8b-3172-4331-9941-25788ca8cbb0','删除','sysGenerator:delete',NULL,'sysGenerator/delete',NULL,'43d1bbf7-fc4a-4a10-9ad1-205b16c7c05f',1,3,1,'2020-03-19 13:29:40','2020-03-19 13:29:40',1),('0d99b687-3f46-4632-9d56-8dd5e476dae7','SQL 监控','','','/druid/sql.html','_self','65bdb02f47b94e71c2a2b9e459bde909',98,2,1,'2020-03-19 13:29:40','2020-05-07 13:36:59',1),('1a2ec857-e775-4377-9fb7-e3c77738b3e5','新增','sys:role:add',NULL,'/sys/role',NULL,'e0b16b95-09de-4d60-a283-1eebd424ed47',0,3,1,'2020-03-19 13:29:40','2020-03-19 13:29:40',1),('1dec779d-a9ec-448a-9389-a2b4eefce119','添加','sysGenerator:add',NULL,'sysGenerator/add',NULL,'43d1bbf7-fc4a-4a10-9ad1-205b16c7c05f',1,3,1,'2020-03-19 13:29:40','2020-03-19 13:29:40',1),('2073345f-7344-43fe-9084-b7add56da652','删除','sys:dept:deleted',NULL,'/sys/dept/*',NULL,'c038dc93-f30d-4802-a090-be352eab341a',100,3,1,'2020-03-19 13:29:40','2020-03-19 13:29:40',1),('26764d88-1d90-402d-b355-a75deef116f2','接口管理','','','/doc.html','_blank','65bdb02f47b94e71c2a2b9e459bde909',100,2,1,'2020-03-19 13:29:40','2020-05-07 13:36:02',0),('355f387f-a22b-4f8c-9cd6-ae10e930cd70','列表','sys:log:list',NULL,'/sys/logs',NULL,'37101ed5-e840-4082-ae33-682ca6e41ad8',100,3,1,'2020-03-19 13:29:40','2020-03-19 13:29:40',1),('37101ed5-e840-4082-ae33-682ca6e41ad8','日志管理',NULL,NULL,'/index/logs','_self','e549c4b8-72ca-4ba3-91a8-9ffa1daf77cf',97,2,1,'2020-03-19 13:29:40','2020-03-19 13:29:40',0),('3a93a7e3-956a-408e-b2e4-108e9ece8f04','新增','sys:dept:add',NULL,'/sys/dept',NULL,'c038dc93-f30d-4802-a090-be352eab341a',100,3,1,'2020-03-19 13:29:40','2020-03-19 13:29:40',1),('3c390dfd-0d9a-46de-9a5b-1ed884febcb2','赋予角色','sys:user:role:update',NULL,'/sys/user/roles/*',NULL,'78f8e29a-cccd-49e5-ada7-5af40dd95312',100,3,1,'2020-03-19 13:29:40','2020-03-19 13:29:40',1),('3dac936c-c4e1-4560-ac93-905502f61ae0','菜单权限管理',NULL,NULL,'/index/menus','_self','d6214dcb-8b6d-494b-88fa-f519fc08ff8f',98,2,1,'2020-03-19 13:29:40','2020-03-19 13:29:40',1),('3ed79f23-90bf-4669-bc02-42ae392e75c1','列表','sys:dept:list',NULL,'/sys/depts',NULL,'c038dc93-f30d-4802-a090-be352eab341a',100,3,1,'2020-03-19 13:29:40','2020-03-19 13:29:40',1),('4018e179-e599-41d0-bac5-c5408e1d4bc6','删除','sys:role:deleted',NULL,'/sys/role/*',NULL,'e0b16b95-09de-4d60-a283-1eebd424ed47',100,3,1,'2020-03-19 13:29:40','2020-03-19 13:29:40',1),('438641da495235106c2d311703ac4290','定时任务立即执行','sysJob:run',NULL,'/sysJob/run','_self','fc9ca351846111eaab15b4a9fc2c4442',5,3,1,'2020-04-22 15:47:54',NULL,1),('43d1bbf7-fc4a-4a10-9ad1-205b16c7c05f','代码生成',NULL,NULL,'/index/sysGenerator','_self','e549c4b8-72ca-4ba3-91a8-9ffa1daf77cf',1,2,1,'2020-03-19 13:29:40','2020-03-19 13:29:40',0),('46dbb867-51d6-4523-852f-b12e75b34e3d','列表','sysGenerator:list',NULL,'sysGenerator/listByPage',NULL,'43d1bbf7-fc4a-4a10-9ad1-205b16c7c05f',1,3,1,'2020-03-19 13:29:40','2020-03-19 13:29:40',1),('475b4c24-40fa-4823-863a-ba6d793b7610','详情','sys:permission:detail',NULL,'/sys/permission/*',NULL,'3dac936c-c4e1-4560-ac93-905502f61ae0',100,3,1,'2020-03-19 13:29:40','2020-03-19 13:29:40',1),('526be97ba24c5a1b3418cdf7ca176b7e','定时任务恢复','sysJob:resume',NULL,'/sysJob/resume','_self','fc9ca351846111eaab15b4a9fc2c4442',4,3,1,'2020-04-22 15:48:40',NULL,1),('58612968-d93c-4c21-8fdc-a825c0ab0275','列表','sys:role:list',NULL,'/sys/roles',NULL,'e0b16b95-09de-4d60-a283-1eebd424ed47',0,3,1,'2020-03-19 13:29:40','2020-03-19 13:29:40',1),('60c3443a-5ec9-4ea7-9484-d2870af93059','修改','sysGenerator:update',NULL,'sysGenerator/update',NULL,'43d1bbf7-fc4a-4a10-9ad1-205b16c7c05f',1,3,1,'2020-03-19 13:29:40','2020-03-19 13:29:40',1),('65bdb02f47b94e71c2a2b9e459bde909','其他',NULL,'layui-icon-list',NULL,NULL,'0',200,1,1,'2020-03-19 13:29:40','2020-03-19 13:29:40',1),('761db494-833d-4a6c-94b4-3a7409fd9a78','详情','sys:dept:detail',NULL,'/sys/dept/*',NULL,'c038dc93-f30d-4802-a090-be352eab341a',100,3,1,'2020-03-19 13:29:40','2020-03-19 13:29:40',1),('783aedd8-5d93-46b6-8c6d-e4d3f0f3f466','列表','sys:user:list',NULL,'/sys/users',NULL,'78f8e29a-cccd-49e5-ada7-5af40dd95312',100,3,1,'2020-03-19 13:29:40','2020-03-19 13:29:40',1),('78f8e29a-cccd-49e5-ada7-5af40dd95312','用户管理',NULL,NULL,'/index/users','_self','d6214dcb-8b6d-494b-88fa-f519fc08ff8f',100,2,1,'2020-03-19 13:29:40','2020-03-19 13:29:40',1),('817a58d1-ec82-4106-870a-bcc0bfaee0e7','详情','sys:user:detail',NULL,'/sys/user/*',NULL,'78f8e29a-cccd-49e5-ada7-5af40dd95312',100,3,1,'2020-03-19 13:29:40','2020-03-19 13:29:40',1),('8623c941-5746-4667-9fb8-76f6f5059788','删除','sys:permission:deleted',NULL,'/sys/permission/*',NULL,'3dac936c-c4e1-4560-ac93-905502f61ae0',100,3,1,'2020-03-19 13:29:40','2020-03-19 13:29:40',1),('8cbcf9939f2f11ea9b7bb4a9fc2c4442','文章管理',NULL,NULL,'/index/sysContent','_self','e549c4b8-72ca-4ba3-91a8-9ffa1daf77cf',10,2,1,NULL,NULL,0),('8cbcf9939f2f11ea9b7bb4a9fc2c4443','待审批',NULL,NULL,'/index/raiseFunds','_self','e549c4b8-72ca-4ba3-91a8-9ffa1daf77cf',3,2,1,NULL,NULL,1),('8cbcf9939f2f11ea9b7bb4a9fc2c4444','已审批',NULL,NULL,'/index/raiseFundsApproval','_self','e549c4b8-72ca-4ba3-91a8-9ffa1daf77cf',4,2,1,NULL,NULL,1),('8cbd63619f2f11ea9b7bb4a9fc2c4442','列表','sysContent:list',NULL,'sysContent/listByPage',NULL,'8cbcf9939f2f11ea9b7bb4a9fc2c4442',0,3,1,NULL,NULL,1),('8cbdc0cc9f2f11ea9b7bb4a9fc2c4442','新增','sysContent:add',NULL,'sysContent/add',NULL,'8cbcf9939f2f11ea9b7bb4a9fc2c4442',0,3,1,NULL,NULL,1),('8cbdf07f9f2f11ea9b7bb4a9fc2c4442','修改','sysContent:update',NULL,'sysContent/update',NULL,'8cbcf9939f2f11ea9b7bb4a9fc2c4442',0,3,1,NULL,NULL,1),('8cbe19f09f2f11ea9b7bb4a9fc2c4442','删除','sysContent:delete',NULL,'sysContent/delete',NULL,'8cbcf9939f2f11ea9b7bb4a9fc2c4442',0,3,1,NULL,NULL,1),('992d1a8d-b5f8-44fc-9a48-4b3e60a7b15e','更新','sys:role:update',NULL,'/sys/role',NULL,'e0b16b95-09de-4d60-a283-1eebd424ed47',0,3,1,'2020-03-19 13:29:40','2020-03-19 13:29:40',1),('9b02bb94c01d69b8dabeaeae1c85bbee','系统信息','','','/index/systemInfo','_self','65bdb02f47b94e71c2a2b9e459bde909',1,2,1,'2020-05-26 14:21:47','2020-05-26 14:23:01',1),('a390845b-a53d-4bc9-af5d-331c37f34e6f','更新','sys:dept:update',NULL,'/sys/dept',NULL,'c038dc93-f30d-4802-a090-be352eab341a',100,3,1,'2020-03-19 13:29:40','2020-03-19 13:29:40',1),('b01614ab-0538-4cca-bb61-b46f18c60aa4','详情','sys:role:detail',NULL,'/sys/role/*',NULL,'e0b16b95-09de-4d60-a283-1eebd424ed47',100,3,1,'2020-03-19 13:29:40','2020-03-19 13:29:40',1),('b180aafa-0d1a-4898-b838-bc20cd44356d','编辑','sys:permission:update',NULL,'/sys/permission',NULL,'3dac936c-c4e1-4560-ac93-905502f61ae0',100,3,1,'2020-03-19 13:29:40','2020-03-19 13:29:40',1),('c038dc93-f30d-4802-a090-be352eab341a','部门管理',NULL,NULL,'/index/depts','_self','d6214dcb-8b6d-494b-88fa-f519fc08ff8f',100,2,1,'2020-03-19 13:29:40','2020-03-19 13:29:40',0),('c0a84726-47d8-4d7a-8d53-0736a4586647','新增','sys:user:add',NULL,'/sys/user',NULL,'78f8e29a-cccd-49e5-ada7-5af40dd95312',100,3,1,'2020-03-19 13:29:40','2020-03-19 13:29:40',1),('c30389e8-eb3e-4a0d-99c4-639e1893a05f','列表','sys:permission:list',NULL,'/sys/permissions',NULL,'3dac936c-c4e1-4560-ac93-905502f61ae0',100,3,1,'2020-03-19 13:29:40','2020-03-19 13:29:40',1),('c30389e8-eb3e-4a0d-99c4-639e1893f50a','新增','sys:permission:add',NULL,'/sys/permission',NULL,'3dac936c-c4e1-4560-ac93-905502f61ae0',100,3,1,'2020-03-19 13:29:40','2020-03-19 13:29:40',1),('c69c2d5c81e711ea81a800163e045bb0','字典管理',NULL,'','/index/sysDict',NULL,'e549c4b8-72ca-4ba3-91a8-9ffa1daf77cf',10,2,1,NULL,NULL,0),('c6a0d80a81e711ea81a800163e045bb0','列表','sysDict:list',NULL,'sysDict/listByPage',NULL,'c69c2d5c81e711ea81a800163e045bb0',0,3,1,NULL,NULL,1),('c6a36ae381e711ea81a800163e045bb0','新增','sysDict:add',NULL,'sysDict/add',NULL,'c69c2d5c81e711ea81a800163e045bb0',0,3,1,NULL,NULL,1),('c6a5e38d81e711ea81a800163e045bb0','修改','sysDict:update',NULL,'sysDict/update',NULL,'c69c2d5c81e711ea81a800163e045bb0',0,3,1,NULL,NULL,1),('c6a85a8381e711ea81a800163e045bb0','删除','sysDict:delete',NULL,'sysDict/delete',NULL,'c69c2d5c81e711ea81a800163e045bb0',0,3,1,NULL,NULL,1),('d372f1a482e69165151a7dbab0937903','表单构建','','','/index/build','_self','65bdb02f47b94e71c2a2b9e459bde909',1,2,1,'2020-04-22 13:09:41','2020-05-07 13:36:47',0),('d6214dcb-8b6d-494b-88fa-f519fc08ff8f','组织管理',NULL,'layui-icon-user',NULL,NULL,'0',1,1,1,'2020-03-19 13:29:40','2020-03-19 13:29:40',1),('db2d31b7-fdcb-478e-bfde-a55eb8b0aa43','拥有角色','sys:user:role:detail',NULL,'/sys/user/roles/*',NULL,'78f8e29a-cccd-49e5-ada7-5af40dd95312',100,3,1,'2020-03-19 13:29:40','2020-03-19 13:29:40',1),('e0b16b95-09de-4d60-a283-1eebd424ed47','角色管理',NULL,NULL,'/index/roles','_self','d6214dcb-8b6d-494b-88fa-f519fc08ff8f',99,2,1,'2020-03-19 13:29:40','2020-03-19 13:29:40',1),('e549c4b8-72ca-4ba3-91a8-9ffa1daf77cf','筹款管理',NULL,'layui-icon-set-fill',NULL,NULL,'0',98,1,1,'2020-03-19 13:29:40','2020-03-19 13:29:40',1),('eef2b95e5d5ae2ebbb9d835e8850fd1f','定时任务暂停','sysJob:pause',NULL,'/sysJob/pause','_self','fc9ca351846111eaab15b4a9fc2c4442',1,3,1,'2020-04-22 15:48:18',NULL,1),('f21ed5e8-0756-45dc-91c5-f58a9463caaa','更新','sys:user:update',NULL,'/sys/user',NULL,'78f8e29a-cccd-49e5-ada7-5af40dd95312',100,3,1,'2020-03-19 13:29:40','2020-03-19 13:29:40',1),('f28b9215-3119-482d-bdc1-1f4c3f7c0869','删除','sys:user:deleted',NULL,'/sys/user',NULL,'78f8e29a-cccd-49e5-ada7-5af40dd95312',100,3,1,'2020-03-19 13:29:40','2020-03-19 13:29:40',1),('f2ff9320-c643-4c85-8b68-15f86d47b88b','删除','sys:log:deleted',NULL,'/sys/logs',NULL,'37101ed5-e840-4082-ae33-682ca6e41ad8',100,3,1,'2020-03-19 13:29:40','2020-03-19 13:29:40',1),('fc9ca351846111eaab15b4a9fc2c4442','定时任务',NULL,NULL,'/index/sysJob','_self','e549c4b8-72ca-4ba3-91a8-9ffa1daf77cf',10,2,1,NULL,NULL,0),('fc9d3120846111eaab15b4a9fc2c4442','列表','sysJob:list',NULL,'sysJob/listByPage',NULL,'fc9ca351846111eaab15b4a9fc2c4442',0,3,1,NULL,NULL,1),('fc9d5be5846111eaab15b4a9fc2c4442','新增','sysJob:add',NULL,'sysJob/add',NULL,'fc9ca351846111eaab15b4a9fc2c4442',0,3,1,NULL,NULL,1),('fc9da4f7846111eaab15b4a9fc2c4442','修改','sysJob:update',NULL,'sysJob/update',NULL,'fc9ca351846111eaab15b4a9fc2c4442',0,3,1,NULL,NULL,1),('fc9dc9cd846111eaab15b4a9fc2c4442','删除','sysJob:delete',NULL,'sysJob/delete',NULL,'fc9ca351846111eaab15b4a9fc2c4442',0,3,1,NULL,NULL,1);

/*Table structure for table `sys_role` */

DROP TABLE IF EXISTS `sys_role`;

CREATE TABLE `sys_role` (
  `id` varchar(64) NOT NULL COMMENT '主键',
  `name` varchar(255) DEFAULT NULL COMMENT '角色名称',
  `description` varchar(300) DEFAULT NULL,
  `status` tinyint(4) DEFAULT 1 COMMENT '状态(1:正常0:弃用)',
  `create_time` datetime DEFAULT NULL COMMENT '创建时间',
  `update_time` datetime DEFAULT NULL COMMENT '更新时间',
  `deleted` tinyint(4) DEFAULT 1 COMMENT '是否删除(1未删除；0已删除)',
  PRIMARY KEY (`id`)
) ENGINE=InnoDB DEFAULT CHARSET=utf8 COMMENT='系统角色';

/*Data for the table `sys_role` */

insert  into `sys_role`(`id`,`name`,`description`,`status`,`create_time`,`update_time`,`deleted`) values ('11b3b80c-4a0b-4a92-96ea-fdd4f7a4a7e9','超级管理员','拥有所有权限-不能删除',1,'2019-11-01 19:26:29','2020-03-19 13:29:51',1),('2d56198c-d14b-4d02-a625-7559815b62fb','普通用户角色','只读',1,'2019-11-09 22:49:18','2020-01-01 19:59:46',1),('8dd881c7-078c-406a-9c5f-242ab9ecfcb5','test','测试',1,'2020-01-01 20:01:58','2019-11-19 10:43:05',1),('b95c69b7-84be-430f-ae57-27a703ae3998','后台管理员','一般是程序员拥有，用来初始化菜单权限',1,'2019-11-09 21:25:31',NULL,1),('de54c167-e733-4b5b-83dd-ce10edd078f5','超级权限','',1,'2019-11-19 10:34:48','2019-11-19 10:49:39',1);

/*Table structure for table `sys_role_permission` */

DROP TABLE IF EXISTS `sys_role_permission`;

CREATE TABLE `sys_role_permission` (
  `id` varchar(64) NOT NULL COMMENT '主键',
  `role_id` varchar(64) DEFAULT NULL COMMENT '角色id',
  `permission_id` varchar(64) DEFAULT NULL COMMENT '菜单权限id',
  `create_time` datetime DEFAULT NULL COMMENT '创建时间',
  PRIMARY KEY (`id`)
) ENGINE=InnoDB DEFAULT CHARSET=utf8;

/*Data for the table `sys_role_permission` */

insert  into `sys_role_permission`(`id`,`role_id`,`permission_id`,`create_time`) values ('01201760169aa7c9936e46c0d5cd15f7','11b3b80c-4a0b-4a92-96ea-fdd4f7a4a7e9','8623c941-5746-4667-9fb8-76f6f5059788','2020-04-22 15:48:47'),('0214adfed9bbfe0269e72b86991c6d61','11b3b80c-4a0b-4a92-96ea-fdd4f7a4a7e9','c0a84726-47d8-4d7a-8d53-0736a4586647','2020-04-22 15:48:47'),('0aa6eb812a915674e4009e0086147359','11b3b80c-4a0b-4a92-96ea-fdd4f7a4a7e9','46dbb867-51d6-4523-852f-b12e75b34e3d','2020-04-22 15:48:47'),('0bb947bcc52b8c2de194a0d7a58c9ca7','11b3b80c-4a0b-4a92-96ea-fdd4f7a4a7e9','475b4c24-40fa-4823-863a-ba6d793b7610','2020-04-22 15:48:47'),('0f8b0b9ed115cbcd150dc6838bf67703','11b3b80c-4a0b-4a92-96ea-fdd4f7a4a7e9','c6a5e38d81e711ea81a800163e045bb0','2020-04-22 15:48:47'),('1620bc21c4ca152b0c1e4149134692bc','11b3b80c-4a0b-4a92-96ea-fdd4f7a4a7e9','e0b16b95-09de-4d60-a283-1eebd424ed47','2020-04-22 15:48:47'),('22850e325d6866065ec21ba5f4f25953','11b3b80c-4a0b-4a92-96ea-fdd4f7a4a7e9','c30389e8-eb3e-4a0d-99c4-639e1893a05f','2020-04-22 15:48:47'),('257a4679068332747600f171e1e37a46','11b3b80c-4a0b-4a92-96ea-fdd4f7a4a7e9','3ed79f23-90bf-4669-bc02-42ae392e75c1','2020-04-22 15:48:47'),('25acec16815254397302f9c7958dd435','11b3b80c-4a0b-4a92-96ea-fdd4f7a4a7e9','c6a85a8381e711ea81a800163e045bb0','2020-04-22 15:48:47'),('27867f225111d2b83eeaec1699edcda0','11b3b80c-4a0b-4a92-96ea-fdd4f7a4a7e9','fc9ca351846111eaab15b4a9fc2c4442','2020-04-22 15:48:47'),('28980f46c5b177b84844800356c2008b','11b3b80c-4a0b-4a92-96ea-fdd4f7a4a7e9','e549c4b8-72ca-4ba3-91a8-9ffa1daf77cf','2020-04-22 15:48:47'),('2f02adb5e1c59e4a8c3ff5e9af02f7ce','11b3b80c-4a0b-4a92-96ea-fdd4f7a4a7e9','fc9d3120846111eaab15b4a9fc2c4442','2020-04-22 15:48:47'),('2fede6ae1dbcc0d2704e1ae91b41adfc','11b3b80c-4a0b-4a92-96ea-fdd4f7a4a7e9','b01614ab-0538-4cca-bb61-b46f18c60aa4','2020-04-22 15:48:47'),('3044581c2f62c908230ad1193608558a','11b3b80c-4a0b-4a92-96ea-fdd4f7a4a7e9','8cbcf9939f2f11ea9b7bb4a9fc2c4442','2020-05-26 17:04:21'),('304fd1001e7905dafbfe1ae1b2aa3a0f','11b3b80c-4a0b-4a92-96ea-fdd4f7a4a7e9','1dec779d-a9ec-448a-9389-a2b4eefce119','2020-04-22 15:48:47'),('36c7cf640ef587bf690fb1ec25af7334','11b3b80c-4a0b-4a92-96ea-fdd4f7a4a7e9','f28b9215-3119-482d-bdc1-1f4c3f7c0869','2020-04-22 15:48:47'),('3c25cbc6d7c481138dd2739e4fb06837','11b3b80c-4a0b-4a92-96ea-fdd4f7a4a7e9','d6214dcb-8b6d-494b-88fa-f519fc08ff8f','2020-04-22 15:48:47'),('3eba9ff7effd4de33c765cb008438714','11b3b80c-4a0b-4a92-96ea-fdd4f7a4a7e9','438641da495235106c2d311703ac4290','2020-04-22 15:48:47'),('405946769f35177022272e08544c5ae7','11b3b80c-4a0b-4a92-96ea-fdd4f7a4a7e9','0d99b687-3f46-4632-9d56-8dd5e476dae7','2020-04-22 15:48:47'),('44d5662eee3c3112dbcf3cc6737c19e2','11b3b80c-4a0b-4a92-96ea-fdd4f7a4a7e9','8cbd63619f2f11ea9b7bb4a9fc2c4442','2020-05-26 17:04:21'),('45a3d20dca4364236500c4fba9a10b57','11b3b80c-4a0b-4a92-96ea-fdd4f7a4a7e9','c6a0d80a81e711ea81a800163e045bb0','2020-04-22 15:48:47'),('4f6043f9c7185c162d947795915e5e13','11b3b80c-4a0b-4a92-96ea-fdd4f7a4a7e9','c6a36ae381e711ea81a800163e045bb0','2020-04-22 15:48:47'),('5155a37ee7ff91547cd839241ed94fe1','11b3b80c-4a0b-4a92-96ea-fdd4f7a4a7e9','3dac936c-c4e1-4560-ac93-905502f61ae0','2020-04-22 15:48:47'),('51793a9c37b397dfd8e0bc7311e591f8','11b3b80c-4a0b-4a92-96ea-fdd4f7a4a7e9','d372f1a482e69165151a7dbab0937903','2020-04-22 15:48:47'),('52871004735c49e690d0d711bf4d64ff','11b3b80c-4a0b-4a92-96ea-fdd4f7a4a7e9','010bcf8b-3172-4331-9941-25788ca8cbb0','2020-04-22 15:48:47'),('59e0cd14166b0b06546f412598bb131f','11b3b80c-4a0b-4a92-96ea-fdd4f7a4a7e9','fc9d5be5846111eaab15b4a9fc2c4442','2020-04-22 15:48:47'),('5c89472d5d815b88a30e9685168128f9','11b3b80c-4a0b-4a92-96ea-fdd4f7a4a7e9','c038dc93-f30d-4802-a090-be352eab341a','2020-04-22 15:48:47'),('5e6560a5889dd953577a94ff77705566','11b3b80c-4a0b-4a92-96ea-fdd4f7a4a7e9','4018e179-e599-41d0-bac5-c5408e1d4bc6','2020-04-22 15:48:47'),('62689535e15e0b011275bbb34ca16439','11b3b80c-4a0b-4a92-96ea-fdd4f7a4a7e9','3c390dfd-0d9a-46de-9a5b-1ed884febcb2','2020-04-22 15:48:47'),('62a70113acd9da14cbac455266084e95','11b3b80c-4a0b-4a92-96ea-fdd4f7a4a7e9','db2d31b7-fdcb-478e-bfde-a55eb8b0aa43','2020-04-22 15:48:47'),('6669dd1e0ddda4b685aa7ded93b78c8c','11b3b80c-4a0b-4a92-96ea-fdd4f7a4a7e9','8cbdc0cc9f2f11ea9b7bb4a9fc2c4442','2020-05-26 17:04:21'),('72eb62e03749aaaff4ba01f42ab96cd8','11b3b80c-4a0b-4a92-96ea-fdd4f7a4a7e9','fc9dc9cd846111eaab15b4a9fc2c4442','2020-04-22 15:48:47'),('74a4b07aae4c87db31d2cc163dff349d','11b3b80c-4a0b-4a92-96ea-fdd4f7a4a7e9','78f8e29a-cccd-49e5-ada7-5af40dd95312','2020-04-22 15:48:47'),('77f34fc87d06c72908ff2279a2de1a08','11b3b80c-4a0b-4a92-96ea-fdd4f7a4a7e9','26764d88-1d90-402d-b355-a75deef116f2','2020-04-22 15:48:47'),('7f94ff31fc648c6b8731b8b56ac364ae','11b3b80c-4a0b-4a92-96ea-fdd4f7a4a7e9','8cbdf07f9f2f11ea9b7bb4a9fc2c4442','2020-05-26 17:04:21'),('8a3848c5a0950aac268fd4fd665846eb','11b3b80c-4a0b-4a92-96ea-fdd4f7a4a7e9','f2ff9320-c643-4c85-8b68-15f86d47b88b','2020-04-22 15:48:47'),('8b4902e8e00276d90c46a5d22fb75bba','11b3b80c-4a0b-4a92-96ea-fdd4f7a4a7e9','c69c2d5c81e711ea81a800163e045bb0','2020-04-22 15:48:47'),('8c0345ec3970ea5a9d9226a47c03e1b6','11b3b80c-4a0b-4a92-96ea-fdd4f7a4a7e9','37101ed5-e840-4082-ae33-682ca6e41ad8','2020-04-22 15:48:47'),('8d148cc4e3bb61c31ef51d4cd9478c6e','11b3b80c-4a0b-4a92-96ea-fdd4f7a4a7e9','65bdb02f47b94e71c2a2b9e459bde909','2020-04-22 15:48:47'),('926b83a8dec45591f74f6a46b333dbcf','11b3b80c-4a0b-4a92-96ea-fdd4f7a4a7e9','43d1bbf7-fc4a-4a10-9ad1-205b16c7c05f','2020-04-22 15:48:47'),('96730aa8817add9dc7e2e9fd25223394','11b3b80c-4a0b-4a92-96ea-fdd4f7a4a7e9','09c7e071846211eaab15b4a9fc2c4442','2020-04-22 15:48:47'),('9e5f340a3395eb5d9e1b0d0942cd82ff','11b3b80c-4a0b-4a92-96ea-fdd4f7a4a7e9','b180aafa-0d1a-4898-b838-bc20cd44356d','2020-04-22 15:48:47'),('9f93309e347ad500e6ecfec95049603b','11b3b80c-4a0b-4a92-96ea-fdd4f7a4a7e9','f21ed5e8-0756-45dc-91c5-f58a9463caaa','2020-04-22 15:48:47'),('a000d490222c5b94b9863b06d099a724','11b3b80c-4a0b-4a92-96ea-fdd4f7a4a7e9','355f387f-a22b-4f8c-9cd6-ae10e930cd70','2020-04-22 15:48:47'),('a1e5096b787c804882af130561aa8a27','11b3b80c-4a0b-4a92-96ea-fdd4f7a4a7e9','992d1a8d-b5f8-44fc-9a48-4b3e60a7b15e','2020-04-22 15:48:47'),('b40a3d811b75bf9af4605df07a85742b','11b3b80c-4a0b-4a92-96ea-fdd4f7a4a7e9','783aedd8-5d93-46b6-8c6d-e4d3f0f3f466','2020-04-22 15:48:47'),('b4a080117b6c134d903c22e75472cff5','11b3b80c-4a0b-4a92-96ea-fdd4f7a4a7e9','526be97ba24c5a1b3418cdf7ca176b7e','2020-04-22 15:48:47'),('bd573951753928eeed05d4ec20d663dd','11b3b80c-4a0b-4a92-96ea-fdd4f7a4a7e9','3a93a7e3-956a-408e-b2e4-108e9ece8f04','2020-04-22 15:48:47'),('be71879ab852e7d57366e6b5bd12dfab','11b3b80c-4a0b-4a92-96ea-fdd4f7a4a7e9','1a2ec857-e775-4377-9fb7-e3c77738b3e5','2020-04-22 15:48:47'),('c506ace889e2c6b9eaf57d80b51425a2','11b3b80c-4a0b-4a92-96ea-fdd4f7a4a7e9','60c3443a-5ec9-4ea7-9484-d2870af93059','2020-04-22 15:48:47'),('c506ace889e2c6b9eaf57d80b51425a3','11b3b80c-4a0b-4a92-96ea-fdd4f7a4a7e9','8cbcf9939f2f11ea9b7bb4a9fc2c4444',NULL),('c664b0cc67b2b2a374fade6e9cf5561e','11b3b80c-4a0b-4a92-96ea-fdd4f7a4a7e9','a390845b-a53d-4bc9-af5d-331c37f34e6f','2020-04-22 15:48:47'),('caf59e517a868a69f44444fc0ffb51a1','11b3b80c-4a0b-4a92-96ea-fdd4f7a4a7e9','8cbe19f09f2f11ea9b7bb4a9fc2c4442','2020-05-26 17:04:21'),('d142e16b65bcdb50fbb6b4ccde30fae2','11b3b80c-4a0b-4a92-96ea-fdd4f7a4a7e9','c30389e8-eb3e-4a0d-99c4-639e1893f50a','2020-04-22 15:48:47'),('d4e4cea0a4317f235f8966b181055baf','11b3b80c-4a0b-4a92-96ea-fdd4f7a4a7e9','09c7a1ec846211eaab15b4a9fc2c4442','2020-04-22 15:48:47'),('d785c055b0557d000bc9c258c5466f1e','11b3b80c-4a0b-4a92-96ea-fdd4f7a4a7e9','fc9da4f7846111eaab15b4a9fc2c4442','2020-04-22 15:48:47'),('d7960d237bd2014eda33a99c29bccb80','11b3b80c-4a0b-4a92-96ea-fdd4f7a4a7e9','2073345f-7344-43fe-9084-b7add56da652','2020-04-22 15:48:47'),('db395de99411e893a25859c1e4052623','11b3b80c-4a0b-4a92-96ea-fdd4f7a4a7e9','9b02bb94c01d69b8dabeaeae1c85bbee','2020-05-26 14:21:56'),('dcaf7ae345d6393aa6624f16045d6792','11b3b80c-4a0b-4a92-96ea-fdd4f7a4a7e9','817a58d1-ec82-4106-870a-bcc0bfaee0e7','2020-04-22 15:48:47'),('f40541735a799ac570c23518b03cb2db','11b3b80c-4a0b-4a92-96ea-fdd4f7a4a7e9','eef2b95e5d5ae2ebbb9d835e8850fd1f','2020-04-22 15:48:47'),('f47cf0a30a02b830cd620226725c031c','11b3b80c-4a0b-4a92-96ea-fdd4f7a4a7e9','761db494-833d-4a6c-94b4-3a7409fd9a78','2020-04-22 15:48:47'),('fc81d4958fb04591a7bc0cf4b02379c0','11b3b80c-4a0b-4a92-96ea-fdd4f7a4a7e9','58612968-d93c-4c21-8fdc-a825c0ab0275','2020-04-22 15:48:47'),('fc81d4958fb04591a7bc0cf4b02379c1','11b3b80c-4a0b-4a92-96ea-fdd4f7a4a7e9','8cbcf9939f2f11ea9b7bb4a9fc2c4443',NULL);

/*Table structure for table `sys_user` */

DROP TABLE IF EXISTS `sys_user`;

CREATE TABLE `sys_user` (
  `id` varchar(64) NOT NULL COMMENT '用户id',
  `username` varchar(50) NOT NULL COMMENT '账户名称',
  `salt` varchar(20) DEFAULT NULL COMMENT '加密盐值',
  `password` varchar(200) NOT NULL COMMENT '用户密码密文',
  `phone` varchar(20) DEFAULT NULL COMMENT '手机号码',
  `dept_id` varchar(64) DEFAULT NULL COMMENT '部门id',
  `real_name` varchar(60) DEFAULT NULL COMMENT '真实名称',
  `nick_name` varchar(60) DEFAULT NULL COMMENT '昵称',
  `email` varchar(50) DEFAULT NULL COMMENT '邮箱(唯一)',
  `status` tinyint(4) DEFAULT 1 COMMENT '账户状态(1.正常 2.锁定 )',
  `sex` tinyint(4) DEFAULT 1 COMMENT '性别(1.男 2.女)',
  `deleted` tinyint(4) DEFAULT 1 COMMENT '是否删除(1未删除；0已删除)',
  `create_id` varchar(64) DEFAULT NULL COMMENT '创建人',
  `update_id` varchar(64) DEFAULT NULL COMMENT '更新人',
  `create_where` tinyint(4) DEFAULT 1 COMMENT '创建来源(1.web 2.android 3.ios )',
  `create_time` datetime DEFAULT NULL COMMENT '创建时间',
  `update_time` datetime DEFAULT NULL,
  PRIMARY KEY (`id`)
) ENGINE=InnoDB DEFAULT CHARSET=utf8 COMMENT='系统用户';

/*Data for the table `sys_user` */

insert  into `sys_user`(`id`,`username`,`salt`,`password`,`phone`,`dept_id`,`real_name`,`nick_name`,`email`,`status`,`sex`,`deleted`,`create_id`,`update_id`,`create_where`,`create_time`,`update_time`) values ('08ef2606ec32553439fd6c52da4c3941','ttt','d01e804f76e946f78284','864f90ccad76153688e1097330fa0842','13900000009','4bd0b0a3-097d-4902-a1f7-641ea3b771bd',NULL,NULL,NULL,1,1,1,NULL,NULL,1,'2020-06-17 17:05:32',NULL),('1dfaafa7-fddf-46f2-b3d8-11bfe9ac7230','dev123','fa386978e2c04b7baef1','9204993352a150ddd9febc421a5e5636','131777777777','4bd0b0a3-097d-4902-a1f7-641ea3b771bd',NULL,NULL,NULL,1,1,1,NULL,'fcf34b56-a7a2-4719-9236-867495e74c31',1,'2019-11-09 22:47:30','2020-03-19 02:39:12'),('7f8c0e32-058e-409d-8e7c-22a9afe6a0a0','zhangyang','062f33e33afe4509b24b','920f5d75077b25912e5054c4d58e0a4c','13899999999','4bd0b0a3-097d-4902-a1f7-641ea3b771bd','张杨',NULL,'16399@163.com',1,1,1,NULL,'7f8c0e32-058e-409d-8e7c-22a9afe6a0a0',1,'2019-11-09 21:23:36','2019-11-09 22:45:36'),('cd58111d005641a162cb2528c71889ae','admin123123','db7b27ee460d47a0ad1f','f9ac8bba2c66976c73120fcd41a5a79a','123123123','4bd0b0a3-097d-4902-a1f7-641ea3b771bd',NULL,NULL,NULL,1,1,1,NULL,NULL,1,'2020-03-18 09:49:31',NULL),('d860412c-9a4b-404b-8b71-ae8e3f4c27b7','t2','a8aed440045b4e0c9c69','b08f907d879ea98a681df0082a9cb95e','13899999999','72a4f388-50f8-4019-8c67-530cd7c74e7a',NULL,NULL,NULL,1,1,1,NULL,'fcf34b56-a7a2-4719-9236-867495e74c31',1,'2019-11-19 10:34:24','2020-06-17 17:23:38'),('fae42d04ec4c3f937043f057b551a0f7','e321','1dd2d331fd3e44168f43','5dc1762e1849afb5810405158d2728e3','1387172398','4bd0b0a3-097d-4902-a1f7-641ea3b771bd',NULL,NULL,NULL,1,1,1,NULL,NULL,1,'2020-06-17 17:12:16',NULL),('fcf34b56-a7a2-4719-9236-867495e74c31','admin','324ce32d86224b00a02b','2102b59a75ab87616b62d0b9432569d0','13888888888','72a4f388-50f8-4019-8c67-530cd7c74e7a','爱糖宝12','小霍','yingxue@163.com',1,2,1,NULL,'fcf34b56-a7a2-4719-9236-867495e74c31',3,'2019-09-22 19:38:05','2020-03-18 09:15:22'),('fcf34b56-a7a2-4719-9236-867495e74c32','root','324ce32d86224b00a02b','2102b59a75ab87616b62d0b9432569d0','13666666666','72a4f388-50f8-4019-8c67-530cd7c74e7a','kobe','扁鱼','pomelo_sunyong@163.com',1,1,1,NULL,NULL,1,NULL,NULL);

/*Table structure for table `sys_user_role` */

DROP TABLE IF EXISTS `sys_user_role`;

CREATE TABLE `sys_user_role` (
  `id` varchar(64) NOT NULL COMMENT '用户id',
  `user_id` varchar(64) DEFAULT NULL,
  `role_id` varchar(64) DEFAULT NULL COMMENT '角色id',
  `create_time` datetime DEFAULT NULL COMMENT '创建时间',
  PRIMARY KEY (`id`)
) ENGINE=InnoDB DEFAULT CHARSET=utf8 COMMENT='系统用户角色';

/*Data for the table `sys_user_role` */

insert  into `sys_user_role`(`id`,`user_id`,`role_id`,`create_time`) values ('2ebca69cc810541c81348d72aa5cab98','7884efa332130c80be43ef1c61d91f8b','8dd881c7-078c-406a-9c5f-242ab9ecfcb5','2020-03-19 02:23:13'),('33137e13-2318-42e4-a8e7-4bb7eea0f4ef','1ff14b2c-d32b-496b-8fb7-d988b838b8e0','11b3b80c-4a0b-4a92-96ea-fdd4f7a4a7e9','2020-03-18 08:16:12'),('69d5bf3a-37a8-4da1-8941-fe44caa51af0','7f8c0e32-058e-409d-8e7c-22a9afe6a0a0','11b3b80c-4a0b-4a92-96ea-fdd4f7a4a7e9','2019-11-09 21:25:49'),('d797bb615b355118d35929ffa573cc86','ffd81881f21b48529086233f832f3480','8dd881c7-078c-406a-9c5f-242ab9ecfcb5','2020-03-19 02:23:02'),('da3dd29ea2f7957c144149e5040ce275','fcf34b56-a7a2-4719-9236-867495e74c31','11b3b80c-4a0b-4a92-96ea-fdd4f7a4a7e9','2020-03-19 12:17:45'),('ea228f70b42849dfffeffdcad04c3a45','ee477bad852b0177b3fa10a2243c98d2','8dd881c7-078c-406a-9c5f-242ab9ecfcb5','2020-03-19 02:34:47'),('f8ad372b79490bd1ad99e7ac77409647','1dfaafa7-fddf-46f2-b3d8-11bfe9ac7230','11b3b80c-4a0b-4a92-96ea-fdd4f7a4a7e9','2020-03-19 02:39:01'),('fd1512dc-bf59-45b2-aa14-93da48ff0e8c','d860412c-9a4b-404b-8b71-ae8e3f4c27b7','de54c167-e733-4b5b-83dd-ce10edd078f5','2019-11-19 10:35:14');

/*Table structure for table `t_raise_funds_desc` */

DROP TABLE IF EXISTS `t_raise_funds_desc`;

CREATE TABLE `t_raise_funds_desc` (
  `id` int(11) NOT NULL AUTO_INCREMENT,
  `content` varchar(600) DEFAULT NULL,
  `title` varchar(100) DEFAULT NULL,
  `funds_target` int(11) DEFAULT NULL,
  `sponsor_user_id` int(11) DEFAULT NULL,
  `received_user_id` int(11) DEFAULT NULL,
  `create_date` datetime NOT NULL,
  `funds_counts` int(11) DEFAULT NULL,
  `funds_collected` int(11) DEFAULT NULL,
  `STATUS` int(11) DEFAULT NULL,
  `sponsor_user_name` varchar(50) DEFAULT NULL,
  `received_user_name` varchar(50) DEFAULT NULL,
  `open_id` varchar(128) DEFAULT NULL,
  `has_house` tinyint(1) DEFAULT NULL,
  `other_platform` tinyint(1) DEFAULT NULL,
  `has_life_accident` tinyint(1) DEFAULT NULL,
  `has_property` tinyint(1) DEFAULT NULL,
  `has_insurance` tinyint(1) DEFAULT NULL,
  `salary` varchar(20) DEFAULT NULL,
  `debts` varchar(20) DEFAULT NULL,
  PRIMARY KEY (`id`)
) ENGINE=InnoDB AUTO_INCREMENT=9 DEFAULT CHARSET=utf8;

/*Data for the table `t_raise_funds_desc` */

insert  into `t_raise_funds_desc`(`id`,`content`,`title`,`funds_target`,`sponsor_user_id`,`received_user_id`,`create_date`,`funds_counts`,`funds_collected`,`STATUS`,`sponsor_user_name`,`received_user_name`,`open_id`,`has_house`,`other_platform`,`has_life_accident`,`has_property`,`has_insurance`,`salary`,`debts`) values (1,'唯小人与女人难养也dlkfdsjflkadjflkjlkkflsadlfa迪斯科解放立刻洒家地方就是砥砺奋进案例可是军方决定是否垃圾发电老咔叽的看到JFK记得发卡机地方啦','帮帮忙jdklfalk',10000,1,2,'2020-06-06 00:00:00',2,300,1,'Michael Jordan','小李','oCLaowcmAeHb3-wOJ9ZkoJwZdn6Y',NULL,NULL,NULL,NULL,NULL,NULL,NULL),(2,'世界那么大 我要去看看','谢谢弄',20000,3,4,'2020-06-06 00:00:00',1,100,0,'Kobe Bryant','jordan','oCLaowcmAeHb3-wOJ9ZkoJwZdn6Y',NULL,NULL,NULL,NULL,NULL,NULL,NULL),(3,'kkkjkd','333',299,NULL,NULL,'2020-06-19 12:19:16',NULL,NULL,1,'kjfa',NULL,'oCLaowcmAeHb3-wOJ9ZkoJwZdn6Y',NULL,NULL,NULL,NULL,NULL,NULL,NULL),(4,'JFK领导','肯定就发',1000,NULL,NULL,'2020-06-27 19:29:54',NULL,NULL,0,'看见饭卡1',NULL,'oCLaowcmAeHb3-wOJ9ZkoJwZdn6Y',NULL,NULL,NULL,NULL,NULL,NULL,NULL),(5,'JFK领导','肯定就发2',10002,NULL,NULL,'2020-06-27 19:44:26',NULL,NULL,0,'看见饭卡2',NULL,'oCLaowcmAeHb3-wOJ9ZkoJwZdn6Y',NULL,NULL,NULL,NULL,NULL,NULL,NULL),(6,'JFK领导','肯定就发2222',10002,NULL,NULL,'2020-06-27 19:47:07',NULL,NULL,0,'看见饭卡2',NULL,'oCLaowcmAeHb3-wOJ9ZkoJwZdn6Y',NULL,NULL,NULL,NULL,NULL,NULL,NULL),(7,'酷酷酷','快放假啊立刻解放',2993,NULL,NULL,'2020-06-27 19:47:45',NULL,NULL,5,'开发经',NULL,'oCLaowcmAeHb3-wOJ9ZkoJwZdn6Y',1,1,1,1,1,'2000','3000'),(8,'肯定就卡','房间里卡机',1999,NULL,NULL,'2020-06-27 20:03:07',NULL,NULL,5,'讲课费',NULL,'oCLaowcmAeHb3-wOJ9ZkoJwZdn6Y',0,0,0,0,0,'200','2000');

/*Table structure for table `t_raise_funds_file_material` */

DROP TABLE IF EXISTS `t_raise_funds_file_material`;

CREATE TABLE `t_raise_funds_file_material` (
  `id` int(11) NOT NULL AUTO_INCREMENT,
  `desc_id` int(11) DEFAULT NULL,
  `orderby` tinyint(4) DEFAULT NULL,
  `is_front_page` tinyint(1) DEFAULT NULL,
  `create_date` datetime NOT NULL,
  `is_deleted` tinyint(1) DEFAULT NULL,
  `url` varchar(100) DEFAULT NULL,
  PRIMARY KEY (`id`)
) ENGINE=InnoDB AUTO_INCREMENT=4 DEFAULT CHARSET=utf8;

/*Data for the table `t_raise_funds_file_material` */

/*Table structure for table `t_token` */

DROP TABLE IF EXISTS `t_token`;

CREATE TABLE `t_token` (
  `id` int(11) NOT NULL AUTO_INCREMENT,
  `app_id` varchar(32) DEFAULT NULL,
  `token` varchar(256) DEFAULT NULL,
  `create_time` date DEFAULT NULL,
  `update_time` date DEFAULT NULL,
  `token_type` varchar(16) DEFAULT NULL,
  PRIMARY KEY (`id`)
) ENGINE=InnoDB AUTO_INCREMENT=3 DEFAULT CHARSET=utf8;

/*Data for the table `t_token` */

insert  into `t_token`(`id`,`app_id`,`token`,`create_time`,`update_time`,`token_type`) values (1,'wx_raiseFunds','34_hvd8a8bce3jvTaziE0VjcGSvwOiKYht9qQLADGv30wzk3qNmKVzJqJKpZy4p1e8wTFhVN-nqFjetF2TJyzXJgedJVLv9EGftSw4UiZAoJ70AOAh75QYb8mbjka304sPXK-02QZN3E4rZmeuASCSdAAALVL','2020-06-11','2020-06-27','1'),(2,'wx_raiseFunds','kgt8ON7yVITDhtdwci0qeX0ZS-JLRnt3Aiw_yJGjvGywnG3qyNvm2qGJhFLWe_ZcoGuC292p2e5vOv5boKuoug','2020-06-11','2020-06-27','2');

/*Table structure for table `t_user` */

DROP TABLE IF EXISTS `t_user`;

CREATE TABLE `t_user` (
  `id` int(11) NOT NULL AUTO_INCREMENT,
  `NAME` varchar(20) DEFAULT NULL,
  `age` int(11) DEFAULT NULL,
  `wechat_name` varchar(50) DEFAULT NULL,
  `sex` int(11) DEFAULT NULL,
  `last_login` datetime NOT NULL,
  `city` varchar(64) DEFAULT NULL,
  `country` varchar(64) DEFAULT NULL,
  `head_img_url` varchar(256) DEFAULT NULL,
  `union_id` varchar(256) DEFAULT NULL,
  `open_id` varchar(64) DEFAULT NULL,
  `nick_name` varchar(128) CHARACTER SET utf8mb4 DEFAULT NULL,
  `province` varchar(64) DEFAULT NULL,
  PRIMARY KEY (`id`)
) ENGINE=InnoDB AUTO_INCREMENT=11 DEFAULT CHARSET=utf8;

/*Data for the table `t_user` */

insert  into `t_user`(`id`,`NAME`,`age`,`wechat_name`,`sex`,`last_login`,`city`,`country`,`head_img_url`,`union_id`,`open_id`,`nick_name`,`province`) values (7,NULL,NULL,NULL,1,'2020-06-12 01:45:49','普陀','中国','http://thirdwx.qlogo.cn/mmopen/PDXc7rMdmLewiccVOaYeCQibWmicsEn9LeqPfDZibIkjn5RiaExqq0hCIiacohsVI39zZLYq2xjjtKMOaOXFSibmygkO71CjDr3iaeaW/132',NULL,'oCLaowcmAeHb3-wOJ9ZkoJwZdn6Y','撮鳊鱼','上海'),(8,NULL,NULL,NULL,NULL,'2020-06-20 19:52:24',NULL,NULL,NULL,NULL,NULL,'\\xF0\\x9F\\x98\\xB1',NULL),(9,NULL,NULL,NULL,NULL,'2020-06-20 20:27:20',NULL,NULL,NULL,NULL,NULL,'撮鳊鱼?',NULL),(10,NULL,NULL,NULL,NULL,'2020-06-20 20:31:31',NULL,NULL,NULL,NULL,NULL,'撮鳊鱼?',NULL);

/*!40101 SET SQL_MODE=@OLD_SQL_MODE */;
/*!40014 SET FOREIGN_KEY_CHECKS=@OLD_FOREIGN_KEY_CHECKS */;
/*!40014 SET UNIQUE_CHECKS=@OLD_UNIQUE_CHECKS */;
/*!40111 SET SQL_NOTES=@OLD_SQL_NOTES */;
